,sentence_2,sentence_2_bert
14,여러분들간의 다양한 아이디어를 제안하고 나누는 채널입니다.,여러분들간의 다양한 아이디어를 제안하고 함께 나누는 채널입니다.
19,2023 아시안컵 유치에 공동개최를 반대 합니다.,2023 아시안컵 유치에 공동개최를 강력히 반대 합니다.
20,가방에 넣어 다니면서 조금씩 먹습니다. ^^,가방에 넣어 다니면서 이것저것 조금씩 먹습니다. ^ ^
22,양보단 한입 먹는 순간 고삐 풀릴 것 같아요 ㅋㅋㅋ,양보단 한입 먹는 순간 고삐가 풀릴 것 같아요 ㅋㅋㅋ
23,조금유치하지만 가볍게 볼수는 있는영화네요!,조금유치하지만 가볍게도 볼수는 있는영화네요!
38,허나 알리슨 로먼이 벗은건 충격 -_-;;,"허나, 알리슨 로먼이 벗은건 충격 - _ - ; ;"
46,저는 사과나 우유에 프로틴타서 먹어요 ㅎㅎ,저는 사과나 우유에만 프로틴타서 먹어요 ㅎㅎ
47,내용도 그렇고 별로 맘에들지않는다.......,그 내용도 그렇고 별로 맘에들지않는다.......
54,여성가족부 폐지하고 그 예산을 좀 더 올바르게 사용했으면 좋겠습니다.,여성가족부 폐지하고 그 예산을 좀 더 올바르게 잘 사용했으면 좋겠습니다.
55,유령나올때 멜로디는 어릴때 충격적이였지 ㅋㅋㅋ,유령나올때 멜로디는 어릴때부터 충격적이였지 ㅋㅋㅋ
71,저도 데스커 사용 중입니다!,저도 데스커를 사용 중입니다!
72,스우파 리정 vs 시미즈에서 리정 배틀곡이기도합니다,스우파 리정전 vs 시미즈에서 리정 배틀곡이기도합니다
76,투혼과 함께 반담의 최고영화. 복수의 칼날 반담~,투혼과 함께 반담의 최고영화. > 복수의 칼날 반담 ~
77,아ㅎㅎㅎ 새로 인터넷 설치해야하는 줄 알았는데 돈 굳은 느낌이네요,아 아ㅎㅎㅎ 새로 인터넷 설치해야하는 줄 알았는데 돈 굳은 느낌이네요
81,각자 사는 곳의 날씨 이야기부터 시작했습니다.,각자 사는 두 곳의 날씨 이야기부터 시작했습니다.
82,MBN 을 강력하게 제재해주세요 !!!!!!,MBN 을 강력하게 제재해주세요!!!!!!!
107,건강보험 보장 확대에 오타반점 제거 시술도 포함해 주세요.,건강보험료 보장 확대에 오타반점 제거 시술도 포함해 주세요.
109,가난한 영화의 넘치는 여운..그녀의 말을 마저 듣고 싶다.,가난한 영화의 넘치는 여운.. 그녀의 마지막 말을 마저 듣고 싶다.
116,그리고 그림 또한 그리는걸 좋아하셔서 타블렛까지 구매하셔서 종종 그리신다고 하십니다!,"그리고 그림 또한 그리는걸 좋아하셔서 타블렛까지 구매하셔서, 또 종종 그리신다고 하십니다!"
121,ㅠㅠ 인도에서 오는 비행 2주간 금지라고 합니다.,. ㅠㅠ 인도에서 오는 비행 2주간 금지라고 합니다.
125,풍등 제작 및 날리기 행위를 법으로 금지해야합니다.,또한 풍등 제작 및 날리기 행위를 법으로 금지해야합니다.
128,여배우 노출은 심하던데.재미없어서 졸려서 본 영화.,여배우 노출은 좀 심하던데. 재미없어서 졸려서 본 영화.
129,5m 이동시 핸드폰 액정 자동꺼짐 설치 의무화 해주세요.,5m 이동시 핸드폰 액정에 자동꺼짐 설치 의무화 해주세요.
131,(잘 어울릴 수 있어요),""" ( 잘 어울릴 수 있어요 )"
139,공포감도 별루고.. 암튼 비추..,. 공포감도 별루고.. 암튼 비추..
155,많은 국민들이 엄청난 피해를 보고 있습니다.,많은 국민들이 엄청난 피해를 많이 보고 있습니다.
162,하늘색깔이 정말 파랗고 멋지네요.,하늘색깔이 정말 파랗고 정말 멋지네요.
180,이때의 베이싱어는 엔트립먼트의 제타존스가 따라올수 없다..,이때의 베이싱어는 엔트립먼트의 경우 제타존스가 따라올수 없다..
183,대통령에게 매일같이 욕을 하는 놈을 알고 있어요~~~~~~~~~~~~~~~~~~~~~~~~~,대통령에게 매일같이 욕을 하는 나쁜 놈을 알고 있어요 ~ ~ ~ ~ ~ ~ ~ ~ ~ ~ ~ ~ ~ ~ ~ ~ ~ ~ ~ ~ ~ ~ ~ ~ ~
184,솔직히 돈주고 본게 아니라 돈아깝다는 소리는 못하고요.,솔직히 돈주고 본게 아니라서 돈아깝다는 소리는 못하고요.
193,보안 관련하여 내용 좀 정리해서 추후 공지/당부 따로 드리긴할텐데요~!,일단 보안 관련하여 내용 좀 정리해서 추후 공지 / 당부 따로 드리긴할텐데요 ~!
197,조만간 또 오피스 방문하게 되면 인사드리러 가겠습니다,조만간 또 오피스를 방문하게 되면 인사드리러 가겠습니다
199,제1차~2차연평해전 및 천안함사태에 구체적인피해보상과 재발방지에 관하여 문재인대통령님께 답변을 듣고싶습니다.,제1차 ~ 2차연평해전 및 천안함사태에 대한 구체적인피해보상과 재발방지에 관하여 문재인대통령님께 답변을 듣고싶습니다.
212,난 왜 광구가 생각이나는걸까...,난 왜 이 광구가 생각이나는걸까...
214,자영업자와 근로자를 위한 수평적인 법조정 절실합니다.,자영업자와 근로자를 위한 수평적인 노사 법조정 절실합니다.
230,수정본이 오면 보여드릴게요 ㅋㅋㅋ,수정본이 오면 보여드릴게요. ㅋㅋㅋ
231,적폐 청산에 억울함을 호소합니다.,적폐의 청산에 억울함을 호소합니다.
232,이스람 이집트 난민이 인천공황으로 몰리고 있습니다.,최근 이스람 이집트 난민이 인천공황으로 몰리고 있습니다.
237,자꾸 이러시면 또 쪄갑니다….ㅋㅋ,자꾸 이러시면 또 안 쪄갑니다 …. ㅋㅋ
240,상가임대차보호법 소급적용 및 소급 차등적용 제안합니다.,- 상가임대차보호법 소급적용 및 소급 차등적용 제안합니다.
241,일본인 입장에서 이렇게 만들기 쉽지 않았을텐데 대단하네요.,일본인 입장에서 이렇게 만들기 쉽지 않았을텐데 정말 대단하네요.
260,이런 영화를 보면 주성치가 왜 대단한지 알수있다.,이런 영화를 보면 주성치가 왜 대단한지를 알수있다.
265,저희..옛날에 아주 조그만한 인연이 있더라구용...ㅎㅎ,저희.. 옛날에 아주. 조그만한 인연이 있더라구용... ㅎㅎ
268,더 재치있고 더 세련되게 덜 노골적으로 만들수 있었다.,더 더 재치있고 더 세련되게 덜 노골적으로 만들수 있었다.
290,지극히 일본스타일의 영화.  외국인에겐 천국보다 낯선.,지극히 일본스타일의 영화. 외국인에겐 그 천국보다 낯선.
292,저 크기 터치 화면이었다면 마이노리티 리포트 느낌으로 일하실듯 ㅋㅋㅋ 슈숙,만약 저 크기의 터치 화면이었다면 마이노리티 리포트 느낌으로 일하실듯 ㅋㅋㅋ 슈숙
296,조자룡도 완전 딴사람으로 만들어놓고,조자룡도 이제 완전 딴사람으로 만들어놓고
314,이건 드라마 보다 더 드라마.,이건 드라마 보다 훨씬 더 드라마.
334,길거리 담배피우는 사람에게도 과태료 부과해주세요,길거리 담배피우는 사람에게도 반드시 과태료 부과해주세요
336,성행위 장면이 너무 더럽고 싸구려틱하다.,성행위 장면이 너무 더럽고 너무 싸구려틱하다.
337,모든 공무원 시험의 한국사 과목은 한국사 능력검정시험으로 통일해야 합니다.,모든 공무원 시험의 한국사 과목은 한국사 능력검정시험으로 통일해야만 합니다.
339,빠진 프로젝트가 있으면 자유롭게 추가해주셔도 좋습니다!!,빠진 프로젝트가 있으면 자유롭게 다시 추가해주셔도 좋습니다!!
346,생각해 보니 오늘 12.12 아닌가요 ???,생각해 내 보니 오늘 12. 12 아닌가요???
356,[청년실업문제] 외국인근로자를 청년으로 대체하는 정책으로,[ 청년실업문제 ] 외국인근로자를 일반 청년으로 대체하는 정책으로
357,오오 몰랐는데 굿 정보,오오 몰랐는데. 굿 정보
380,인터넷실명제가 꼭 필요한 시점입니다.,인터넷실명제가 꼭 꼭 필요한 시점입니다.
385,평양에서 공연하는거요. 북한인민에겐 고문 아닙니까?,평양에서 공연하는거요. 북한인민에겐 인권 고문 아닙니까?
391,"지난 금요일, 전사 휴무임에도 불구하고 악착같이 회사 사람들과 라운딩 ㅎㅎ","지난 금요일, 전사 휴무임에도 불구하고, 악착같이 다른 회사 사람들과 라운딩 ㅎㅎ"
398,제주에서 햇님을 달고오셨는지 오늘 아주 화창한 날씨에 산책이 좋았습니다.,왜 제주에서 햇님을 달고오셨는지 오늘 아주 화창한 날씨에 산책이 좋았습니다.
402,오랜만에 본 괜찮은 가족영화!,오랜만에 본 정말 괜찮은 가족영화!
408,우리도 이걸 지원할수 있나요?,그럼 우리도 이걸 지원할수 있나요?
421,알려지지 않은 공포물의 걸작,알려지지 않은 공포 공포물의 걸작
425,유튜브에서 많이 봤던 분이시군요!!!,전 유튜브에서 많이 봤던 분이시군요!!!
435,오 궁금하네요 고고 ㅎㅎ,오 궁금하네요 고고싱 ㅎㅎ
436,이런 소박함이 나는 참 좋다..,이런 소박함이 내게 나는 참 좋다..
445,어쩌다 보니 학교 다닐 때 이야기도 하면서 지금은 비대면으로 수업을 진행해서 아쉬운 점이 많은 것 같다고 이야기 나눴습니다.,어쩌다 보니 학교 다닐 때 때 이야기도 하면서 지금은 너무 너무 비대면으로 수업을 진행해서 아쉬운 점이 많은 것 같다고 이야기 나눴습니다.
457,유치원 3법이 아닌 강제 수용을 해 주십시요,제발 유치원 3법이 아닌 강제 수용을 해 주십시요
458,"아…ㅠㅠ 고민하다가 말 걸고, 답을 기다리다가 그만.. 강퇴해프닝이 벌어졌네요.","아 … ㅠㅠ 고민하다가, 말 걸고, 답을 기다리다가 그만.. 강퇴해프닝이 벌어졌네요."
466,아무도 애에 대해 관심을 갖지 않음ㅋ,아무도 애에게 대해 관심을 갖지 않음ㅋ
479,☼문재인정부는 교육을 획기적으로 개혁하라!,교육을 더욱 획기적으로 개혁하라!
493,다이소가 폭염땜에 매출하락해서 밤 11시까지 운영한다고 합니다.,다이소가 폭염땜에 매출하락해서 밤 11시까지 계속 운영한다고 합니다.
507,감독은 우리에게 두가지 질문을 하는것같네요 .,감독은 우리에게 두가지 질문을 하는것같네요..
511,빛이 없는데 그림자가 있을까.,빛이 없는데 그림자가 어디 있을까.
518,경비원을 다시 세우지 마십시오.,경비원을 다시 다시 세우지 마십시오.
537,특검보다 더한 것도 받겠다.,차라리 특검보다 더한 것도 받겠다.
550,이혼공화국 만들어 ..... 출산율 급감시킬일 있나요 ?,이혼공화국 만들어 주세요..... 출산율 급감시킬일 있나요?
553,평범하지만 평범하지 않은 우리들의 일상을 약간의 반전과 함께 잔잔히 끌려가는 영화~,"평범하지만 평범하지 않은 우리들의 일상을 약간의 극적 반전과 함께, 잔잔히 끌려가는 영화 ~"
559,다음에 기회되면 싱가폴과 홍콩 이야기도 들려주세요~!!,다음에 기회되면 싱가폴과 홍콩 이야기도 함께 들려주세요 ~!!
561,아. 이게5분마다 크론인데 이거랑 겹치는 균요,아. 이게5분마다 이게 크론인데 이거랑 겹치는 균요
580,삼성 김한수 감독 제발 사퇴시켜 주세요~,삼성 라이온즈 김한수 감독 제발 사퇴시켜 주세요 ~
591,항상 성룡의 영화는 위트가 있다.,항상 성룡의 영화는 위트가 넘쳐 있다.
605,애가 집중해서 보더라구요 ㅋㅋ,그래서 애가 집중해서 보더라구요 ㅋㅋ
608,이래서 탈옥영화를 좋아하게된다니까 ㅋㅋ,이래서 탈옥영화를 좋아하게된다니까. ㅋㅋ
612,이번 달까지 판매하는 것 같아요!,이번 달까지 판매하는 것도 같아요!
616,저도 지역 학교 리스트 및 교수님 알아가고싶었는데! 공유해주신 정보 감사히 보겠습니다!!!,그래서 저도 지역 학교 리스트 및 지도 교수님 알아가고싶었는데! 공유해주신 정보 감사히 보겠습니다!!!
628,영화에서 나오는 장면이 그냥 시나리오가 아니라 리얼로 할 수 있는 것이군요.. 오..,영화에서 나오는 장면이 그냥 리얼 시나리오가가 아니라 리얼로 할 수 있는 것이군요.. 오..
629,왜 안하던 짓을 할까요 ㅋㅋ,왜 원래 안하던 짓을 할까요 ㅋㅋ
633,내 마음 보고서 저도 (드디어) 도착했습니다!,내가 마음 보고서 저도 ( 드디어 ) 도착했습니다!
642,최순실 박근혜 재산을 환수하는 법을 제정해 주시기 바랍니다.,최순실 박근혜 재산을 환수하는 법을 조속히 제정해 주시기 바랍니다.
647,손발이 오글거려도 좋다 ~~~~,손발이 오글거려도 좋다 ~ ~ ~ ~ ~
651,선약이 있지만 너무 아쉽습니당,선약이 따로 있지만 너무 아쉽습니당
653,다음에 우리 회사에서도 팀 꾸려서 참가하면 좋을 것 같아요.,다음에 우리 회사에서도 같이 팀 꾸려서 참가하면 좋을 것 같아요.
663,"무분별한 창업사업화자금 선정철저, 미흡시 환수 철저히(기술혁신형 창업기업 사업을 중심으로)","무분별한 창업사업화자금, 선정철저, 미흡시 환수 철저히 ( 기술혁신형 창업기업 사업을 중심으로 )"
673,"(워마드, 일베, 메갈)과 같은 유해한 사이트에 대해서 철저한 관리와 엄격한 처벌을 부탁드립니다","( 워마드, 그리고 일베, 그리고 메갈 ) 과 같은 유해한 사이트에 대해서 철저한 관리와 엄격한 처벌을 부탁드립니다"
678,나는 천재라는 소재를 좋아한다.,나는 천재라는 말의 소재를 좋아한다.
702,양식장 김에 공업용 염산을 뿌리는 행위를 엄벌하여 주시고 이들 토착세력에 방관하는 해경의 감찰을 청원합니다,양식장 김에 공업용 염산을 뿌리는 행위를 엄벌하여 주시고 이들 토착세력에 방관하는 해경의 엄중 감찰을 강력히 청원합니다
704,"남성/여성 혐오 조장 언론 및 기자, 편집자 등에 대한 제재 수단을 만들어주세요.","남성 / 여성의 혐오 조장 언론 및 기자, 신문 편집자 등에 대한 제재 수단을 만들어주세요."
708,한국장학재단의 국가장학금 소득분위 제도 개선이 필요합니다.,한국장학재단의 국가장학금 소득분위 제도의 개선이 필요합니다.
728,무지한 시대앤 그나마 먹혔던...,. 무지한 시대앤 그나마 먹혔던...
729,보면 볼 수록 느낌이 다르내요.,보면 볼릴 수록 느낌이 다르내요.
732,네이버 신고센터 운영에 대해,네이버의 신고센터 운영에 대해
738,문득 저의 이전직장 자리 앞에 붙여놨던 포스트잇이 생각나네요..ㅎㅎ,문득 저의 이전직장 자리 앞에 붙여놨던 제 포스트잇이 생각나네요.. ㅎㅎ
742,방 안에 멋진 바를 가지고 계신게 너무 부러웠습니다…ㅎㅎ,방 안에 이런 멋진 바를 가지고 계신게 너무 부러웠습니다 … ㅎㅎ
744,가끔 이런 영화도 필요한 법이야..~!,가끔은 이런 영화도 필요한 법이야.. ~!
747,모든 교실에 공기청정기 설치 의무화해 주십시오.,모든 학교 교실에 공기청정기 설치 의무화해 주십시오.
753,대사를 평소 대화하는것 처럼 하면되는데...,대사를 평소 대화하는것 처럼만 하면되는데...
780,"양심적 병역 거부(자)'란 표현을 '종교적 병역 거부(자)'로 정정하고, 공식 용어로서 규정하여 주십시오.","양심적 병역'거부 ( 자 )'란 표현을'종교적 병역 거부 ( 자 )'로 정정하고, 공식 용어로서 명확히 규정하여 주십시오."
792,제 퇴직금 좀 받게해주세요,제발 제 퇴직금 좀 받게해주세요
794,아니면 눈 오리 만드는 건가요?,아니면 눈 오리를 만드는 건가요?
796,꽃이 피면 난다는 것 같아요!,꽃이 피면 신이 난다는 것 같아요!
803,나만 당할순 없다.... o(｀ )o,나만 이렇게 당할순 없다.... o ( ) o
845,새벽 2시부터 신문배달하는 자는 근로자가 아니다.,새벽 2시부터 신문배달하는 자는 자는 근로자가 아니다.
855,ㅋㅋ 집에서 도보 3분 거리에요!!,ㅋㅋ 집에서 도보 3분 정도 거리에요!!
861,연금 좀 어떻게 해주세요.. 제발..,연금 좀. 어떻게 해주세요.. 제발..
863,"공론화도 없고, 언론에도 알리지 않고, 이게 뭡니까","공론화도 없고, 언론에도 알리지 않고, 이게 다 뭡니까"
878,업무관련해서는 자주 뵈었지만 1:1로 만나뵌 것은 입사후 처음이었던 것 같은데요.,업무관련해서는 자주 뵈었지만 이렇게 1 : 1로 만나뵌 것은 입사후부터 처음이었던 것 같은데요.
879,제목에 딱 맞는 영화,제목에 딱 딱 맞는 영화
892,저 담에 뵈면 기초수업 다시들어야겠습니다 ㅋㅋ,저 담에 다시 뵈면 기초수업 다시들어야겠습니다 ㅋㅋ
896,아 이거뭐에요 ㅎㅎ 죽겠다 ㅎㅎ,아 이거뭐에요 ㅎㅎ 아 죽겠다 ㅎㅎ
912,"저는 일할 때 페퍼민트 자기 전에 유칼립투스, 라벤더 ㅋㅋㅋ","저는 일할 때에 페퍼민트 자기 전에 유칼립투스, 라벤더 ㅋㅋㅋ"
928,그 외에도 imt도 과즙이 살아 있어 괜찮은 편인데 품질이 균일하진 않더라고요..,그 외에도 imt도 과즙이 살아 남아 있어 괜찮은 편인데 품질이 그렇게 균일하진 않더라고요..
937,너무 기대를 해서 그런지 정말 별로였다,너무 기대를 해서 그런지 난 정말 별로였다
941,기초수급자 소득기준을 높여야 합니다.~~~~~~~^^^^,기초수급자 소득기준을 높여야만 합니다. ~ ~ ~ ~ ~ ~ ~ ^ ^ ^ ^
955,그리고 원하는 정답을 넣을 수 있습니다.,그리고 원하는 정답을 골라 넣을 수 있습니다.
961,"그린, 레드, 블루는 알았는데 화이트가 있는지는 처음 알았네요!","그린, 레드, 블루는 알았는데, 화이트가 있는지는 처음 알았네요!"
972,밥 좀먹고 나오자 밥 좀먹고 .....................,밥 좀먹고 나오자마자 밥 좀먹고.....................
989,저희 엄마 억울함을 어디서 하소연 할 수 있나요?,저희 엄마 억울함을 어디서 하소연 할 할 수 있나요?
992,형사재판 배심원 제도와 검사장 직선제 도입 청원,형사재판에 배심원 제도와 검사장 직선제 도입 청원
997,고의사고로 2차 피해 막은 사람의 피해를 보상해 주세요,고의사고로 2차 피해를 막은 사람의 피해를 보상해 주세요
998,도로통행 방해 행위에 대한 처벌 규제법 제정 요망,도로통행 방해 등 행위에 대한 처벌 규제법 제정 요망
1000,양구 병사 죽음의 진실을 밝혀주세요,양구 병사들의 죽음의 진실을 밝혀주세요
1002,너무 재밌는 스토리가 많아서 이야기의 조각들이 전시된 박물관에 있는 기분이었습니다.,그래서 너무 재밌는 스토리가 많아서 이야기의 조각들이 전시된 박물관에 있는 듯한 기분이었습니다.
1016,"앗, 몇십분전에 초대 되셨다고 하십니다!","앗, 몇십분전에 초대가 되셨다고 하십니다!"
1017,날씨가 너무 따뜻해서 깜짝 놀랐네요,날씨가 너무 많이 따뜻해서 깜짝 놀랐네요
1020,오.. 메달은 항상 옳습니다. !,오.. 메달은 항상 옳습니다.!!
1053,오 오징어가 아니라 한치였네요 ㅋㅋ,아 오 오징어가 아니라 한치였네요 ㅋㅋ
1056,어린이집 보육시간을 엄격히 관리해주세요,현행 어린이집 보육시간을 엄격히 관리해주세요
1057,그리고 좀 슬프기도 하네요....,그리고 좀 더 슬프기도 하네요....
1080,그만 좀 울고 동생연기 좀 제대로 시키세요,이제 그만 좀 울고 동생연기 좀 제대로 시키세요
1089,오래 뛰면 무릎이 아프네요ㅠ,오래도록 뛰면 무릎이 아프네요ㅠ
1094,마자요 ㅠㅠ 저거 듣고싶었는데..,마자요 ㅠㅠ. 저거 듣고싶었는데..
1096,상현이의 정해진 결말이 너무 가슴아팠어요..,상현이의 정해진 결말이라 너무 가슴아팠어요..
1110,원하지 않는 사립중고등학교에 배정되지 않도록 해주세요,원하지 않는 사립중고등학교에 배정되지는 않도록 해주세요
1115,근데 정말 진짜에요 !!!! 결국 오늘 점심은 배달의민족과 함께했답니다ㅎㅎ,근데 정말. 진짜에요!!!! 결국 오늘 점심은 배달의민족과 함께했답니다ㅎㅎ
1118,넘나 좋았던 제주도 비양도 캠핑... 크억.. 사진보니 너무 땡기네요ㅎㅎ,넘나 좋았던 제주도 비양도 캠핑... 크억... 사진보니 너무 땡기네요ㅎㅎ
1128,인터넷상 폭언 및 인신공격 처벌 강화를 청원 합니다.,인터넷상에 폭언 및 인신공격 처벌 강화를 청원 합니다.
1136,저도 미팅중인데 마치고 바로 가겠습니다!!,저도 지금 미팅중인데 마치고 바로 가겠습니다!!
1143,의료보험금이 70% 인상이된다는게 말이됩니까?,의료보험금이 70 % 인상이된다는게 어떻게 말이됩니까?
1154,나는 지루함을 느꼈다 보다 말았다,나는 지루함을 많이 느꼈다 보다 말았다
1156,잘 만든 영화는 아니지만 짜증나지도 않아.,물론 잘 만든 영화는 아니지만 짜증나지도 않아.
1166,"스토리, 영상미, 비지엠의박자를 고루 갖춘 명작임 ㅋ","스토리, 영상미, 비지엠의박자를 모두 고루 갖춘 명작임 ㅋ"
1167,이야기하다보니 스테퍼에 영업당해서 지금 찾아보는 중입니다..,계속 이야기하다보니 스테퍼에 영업당해서 지금 찾아보는 중입니다..
1173,댓글의 반말 불법화 요청,댓글의 반말 불법화 방지 요청
1185,제일 오른쪽 친구입니당 ㅎ,제일 오른쪽이 친구입니당 ㅎ
1198,그래서 OKR을 팀 단위까지 내리는 것이 필요한 것 같아요.,그래서 OKR을 팀 수 단위까지 내리는 것이 필요한 것 같아요.
1201,레스토랑 뷰도 좋고 제한적으로 손님을 받아서 좋아요!! :),레스토랑 뷰도 좋고 제한적으로 손님을 받아서 참 좋아요!! : )
1214,그치만 생각보다 넘 괜찮으니 다음에 제주 오시는 분들 들러보셔도 좋을 것 같아요~!!,"그치만, 생각보다 넘 괜찮으니 다음에는 제주 오시는 분들 들러보셔도 좋을 것 같아요 ~!!"
1215,크아~~ 모두 넘 즐거우셨던 것 같네요!!,크아 ~ ~ ~ 모두 넘 즐거우셨던 것 같네요!!
1216,"전편보다 약하지만, 그래도 눈은 호강.","비록 전편보다 약하지만, 그래도 눈은 호강."
1224,중간만 해도 45점이네요. ㅠㅠ,중간만 해도 무려 45점이네요. ㅠㅠ
1228,요즘 점심 저녁을 먹을 때마다 넷플릭스 다큐멘터리를 보는데요.,요즘은 점심 저녁을 먹을 때마다 넷플릭스 다큐멘터리를 보는데요.
1237,호칭과 태그를 위한 명칭을 구분해야 하지 않나 싶습니다.,호칭과 태그를 위한 명칭을 구분해야만 하지 않나 싶습니다.
1247,해당 부분은 피플팀과 논의가 필요할 것 같아 논의 후 안내드리도록 하겠습니다,해당 부분은 추후 저희 피플팀과 논의가 필요할 것 같아 논의 후 안내드리도록 하겠습니다
1252,청원방법을 공인인증서로 확실하게 1인1표로 바꿔주십시오.,이 청원방법을 공인인증서로 확실하게 1인1표로 바꿔주십시오.
1260,제2금융권 대출이자로 인해 고통받고 있는 서민입니다,제2금융권 대출이자로 그로 인해 고통받고 있는 서민입니다
1268,제주 법무부 일 좀 제대로 해달라해주세요,제주 법무부 일을 좀 제대로 해달라해주세요
1273,입사할 때부터 궁금한 게 있는데요.,입사할 때 때부터 궁금한 게 있는데요.
1287,경제 체질이 바뀌는중이랍니다...-> 부동산 투기경제로...,경제 체질이 바뀌는중이랍니다... - >. 부동산 투기경제로...
1289,실제로는 tool을 이용해서 버그가 발생한 여러가지 사항을 정리하는데요..,실제로는 tool을 이용해서 버그가 발생한 여러가지 사항을 간단히 정리하는데요..
1292,‍‍ 지진의 여파인 것 같네요ㅠㅠ,지진의 여파인 것도 같네요ㅠㅠ
1307,성희롱의 판단은 현재 너무 주관적입니다.,성희롱 성희롱의 판단은 현재 너무 주관적입니다.
1334,비싼 돈들여 미국에서 촬영한것은 좋은데 내용이 없음.,물론 비싼 돈들여 미국에서 촬영한것은 좋은데 내용이 없음.
1340,약 94%정도 동의할 수 있었습니다ㅋㅋㅋ,그래서 약 94 % 정도 동의할 수 있었습니다ㅋㅋㅋ
1344,지원해주신 분들께서 꽤 참석해주신 것 같네요,지원해주신 분들께서 아마 꽤 참석해주신 것 같네요
1345,NCS에 대한 인식변화를 위한 공익광고(TV) 지원을 요청합니다,NCS에 대한 대한 인식변화를 위한 공익광고 ( TV ) 지원을 요청합니다
1350,‘홍콩 잘 내려가시고’라고 하니..,‘ 홍콩으로 잘 내려가시고 ’ 라고 하니..
1351,저 표정은 연출은 아닙니다.... ㅋㅋㅋ,저 표정은 연출은 아닙니다..... ㅋㅋㅋ
1353,양심적 병역거부가 합법화되면 병역의무 다 한 사람은 비양심적인 국민인가요?,양심적 병역거부가 합법화되면 병역의무 다 한 사람은 비양심적인 대한민국 국민인가요?
1355,하단 메뉴에 대한 접근성,하단 메뉴에 대한 정보 접근성
1363,초딩 때 정말 무서웟어 ....,. 초딩 때 정말 무서웟어....
1366,빵굽는 향기가 너무 좋은 아침입니다.,빵굽는 향기가 나서 너무 좋은 아침입니다.
1370,"그럼, 저희 챌린지스 팀에서 큰 역할 기대해 봅니다. !","그럼, 저희 챌린지스포츠 팀에서 큰 역할 기대해 봅니다.!"
1377,소넨필드와 윌 스미스의 첫 만남은 성공.,소넨필드와 윌트 스미스의 첫 만남은 성공.
1386,평점이 괜히 높은게 아니군,내 평점이 괜히 높은게 아니군
1390,나도 남자지만 진짜 그 장면에 기분 겁나 더러워졌다,진짜 나도 남자지만 진짜 그 장면에 기분 겁나 더러워졌다
1395,제임스 윌비에 꽂혀서 보게 된 영화인데 진짜 남주 마지막에 왜 숨은건지...,제임스 윌비에 꽂혀서 다시 보게 된 스릴러 영화인데 진짜 남주 마지막에 왜 숨은건지...
1400,[점] 그냥 웃음만 나올뿐이고..,[ 점 ] 그냥 웃음만이 나올뿐이고..
1407,이건 강도를 조절하는 나사가 있네요.,그런데 이건 강도를 조절하는 나사가 있네요.
1410,영화속 시대땐 공감 받고 극찬이였겠지만. 지금의 극찬은 뭘로 하는건지 도통 모르겠다.,영화속의 시대땐 공감 받고 극찬이였겠지만. 지금의 극찬은 대체 뭘로 하는건지 도통 모르겠다.
1413,자꾸 눈에선 눈물이 흘렀다...,. 자꾸 눈에선 눈물이 흘렀다...
1435,공중보건의사와 군의관 제도를 일원화 해주십시요.,공중보건의사와 군의관 제도를 일원화를 해주십시요.
1438,어떤 사람이 성장하는 게 좋나요,어떤 사람이 성장하는 게 더 좋나요
1439,요샌 사극이라고 할 수 있을만한 것이 없네요...,요샌 꼭 사극이라고 할 수 있을만한 것이 없네요...
1443,엄마라는 존재에 대해 정말 감사합니다,엄마라는 가족의 존재에 대해 정말 감사합니다
1447,일러스트레이터를 다룰 수 있으시면 '우리 회사 로고 기본 최종 파일.ai' 파일을 사용하시면 됩니다.,"일러스트레이터를 다룰 수 있으시면,'우리 회사 로고의 기본 최종 파일. ai'파일을 사용하시면 됩니다."
1458,(아무도 잘할 수 없는 일),""" ( 아무도 잘할 수 없는 일 )"
1481,그러고나서는… 순서파괴 책 이야기.. 밀린 일얘기를 많이했네요! ㅋㅋ,그러고나서는 … 순서파괴 책 이야기.. 밀린 책 일얘기를 많이했네요! ㅋㅋ
1485,근데 음란 요소가 너무 많이 나와서 좀 별로ㅠㅠㅠ,근데 음란 요소가 요즘 너무 많이 나와서 좀 별로ㅠㅠㅠ
1490,대박.... 한번 할 때 얼마나 틀어놓나욬ㅋㅋ,대박.... 한번 할 때는 얼마나
1505,그들의 삶은 지금 우리삶과 얼마나 다른가...,그들의 삶은 지금의 우리삶과 얼마나 다른가...
1517,한 번 문의 주실 수 있을까요?,한 두 번 문의 주실 수 있을까요?
1530,제가 형님을 얼마나 좋아하는데...,. 제가 형님을 얼마나 좋아하는데...
1531,"각자 팀과 진행하고 있는 업무에 대해서도 이야기 나눴고, 다음에 비즈팀 공유 오피스 구경하러 놀러 오시기로! 즐거운 주말 보내세요~~","각자 팀과 함께 진행하고 있는 업무에 대해서도 이야기 나눴고, 다음에 비즈팀 공유해서 오피스 구경하러 놀러 오시기로! 즐거운 즐거운 주말 보내세요 ~ ~"
1541,도넛이 그렇게 맛이 좋나요?,어떤 도넛이 그렇게 맛이 좋나요?
1550,와 와 두분 넘 개운해보여요!,와 와 두분이 넘 개운해보여요!
1551,와! 나도 모르게 따라해본다!! ㅋ,와! 나도 모르게 잘 따라해본다!! ㅋ
1554,임금 미지급 시효 없애고 근속기간 전체 손해액을 배상하라,미지급 임금 미지급 시효 없애고 근속기간 전체 손해액을 배상하라
1562,저도 사려다가 가격보고 포기...,저도 사려다가 가격보고도 포기...
1567,혹시 몇시쯤 부터 계실까요?,혹시 몇시쯤 지금 부터 계실까요?
1580,. 영화인들의 특권의식과 그들의 촬영하는 행위에 대한 미화가 듬뿍담겨져있따.,. 영화인들의 특권의식과 그들의 영화 촬영하는 행위에 대한 미화가 듬뿍담겨져있따.
1591,넵! 그룹이면 문제 없을 것 같습니다.,넵! 그룹이면 문제 없을 것만 같습니다.
1598,이해하지 못한 저를 위해 친절히 설명을 해주셨습니다!,아직 이해하지 못한 저를 위해 친절히 설명을 해주셨습니다!
1600,이런 대공감 영화가 있는지 몰랐네...,이런 대공감의 영화가 있는지 몰랐네...
1601,잠깐 내용을 살펴봤는데 너무너무 재미있을 것 같더라고요.,잠깐 내용을 살펴봤는데 너무너무 재미있을 것만 같더라고요.
1616,이명박 아들 이시형 마약투약혐의 재수사 및 고의누락 검찰 수사 관련자 처벌 청원합니다.,이명박 대통령 아들 이시형 마약투약혐의 사건 재수사 및 고의누락 검찰 수사 관련자 처벌 청원합니다.
1622,하남지역 초등학교 돌봄교실 확충 청원합니다.,하남지역 모든 초등학교 돌봄교실 확충 청원합니다.
1624,"정종철,박준형등 이무리의 사람들이 나오는 영화는 크게 성공 안한듯?...","정종철, 박준형등. 이무리의 사람들이 나오는 영화는 크게 성공 안한듯?..."
1626,"어제 tv에서 하는 “방구석 1열” 방영하는 걸 봤는데, 기억에 관련된 영화를 소개하는 편이더군요. (기억의 밤 ; 내가 잠들기 전에)","어제 tv에서 하는 “ 우리 방구석 1열 ” 방영하는 걸 봤는데, 주로 기억에 관련된 영화를 소개하는 편이더군요. ( 기억의 밤 ; 내가 잠들기도 전에 )"
1629,청소년 보호법이 과연 청소년을 지키고 있을까요?,현행 청소년 보호법이 과연 청소년을 지키고 있을까요?
1634,와 나 베이스 좋아했네;,와 나는 베이스 좋아했네 ;
1635,타지에서 가족같은 사람들이 있어서 좋다는 말이 너무나 부럽기도 하고 좋아보였어요!!,타지에서 가족같은 사람들이 있어서 좋다는 그 말이 너무나 부럽기도도 하고 좋아보였어요!!
1641,아.. 지구내부에서 죽은 사람들.. 정말 감동이었다...,아.. 지구내부에서 죽은 사람들.. 정말. 감동이었다...
1642,서울시설공단 대표와 일주일 동행 요청,서울시설공단 안 대표와 일주일 동행 요청
1659,아마 마이클만 무명 시절이었지 몰지만 비디오 출시한 LA강력반 영화를이라 봤는데 너무 재밌었어요.,아마 마이클만 무명 시절이었지 몰지만 비디오 출시한 영화 LA강력반 영화를이라 봤는데 그게 너무 재밌었어요.
1662,다음에 또 얘기하게되면 좀 더 친해진 버전으로 입 털어보자는 기약을 남겼습니다ㅎㅎㅎ,다음에 또 얘기하게되면 좀 더 친해진 버전으로 한 입 털어보자는 걸로 기약을 남겼습니다ㅎㅎㅎ
1667,둘은 담배도 잘 피고 숨도 잘 쉬고,둘은 함께 담배도 잘 피고 숨도 잘 쉬고
1669,오… 저는 먹고 운동 안 하는데 ㅠ,오 … 저는 먹고 운동 안 하는데 … ㅠ
1671,<PERSON> 님 혹시 관심있으실까 하여 두 권 모두 상현 사무실에 두었습니다.,< THE PERSON > 님은 혹시 관심있으실까 하여 두 권 모두 상현 사무실에 두었습니다.
1675,제주도 계신 분들 근처 오름 가셔서 별 구경 해보세용,제주도 계신 분들 근처 오름 가셔서 별들 구경 해보세용
1684,사회갈등을 초래하는 댓글란을 삭제해 주세요,그리고 사회갈등을 초래하는 댓글란을 삭제해 주세요
1692,첨에 노래 제목이 변심을 이야기 하는 것 인줄 알았는데..,첨에 노래 제목이 변심을 두고 이야기 하는 것 인줄 알았는데..
1698,종합부동산세 부과기준을 변경해야 됩니다.,종합부동산세의 부과기준을 변경해야 됩니다.
1704,국민혈세 '깜깜이 지출'하는 국회의 정기적 외부 회계 감사를 청원합니다.,그리고 국민혈세'깜깜이 지출'하는 국회의 정기적 외부 회계 감사를 청원합니다.
1705,좋은영화를 보게 되어 영광입니다.,좋은영화를 많이 보게 되어 영광입니다.
1710,도울 수 있는 일이 있을까용?!,과연 도울 수 있는 일이 있을까용?!
1714,공군사관학교 교수사관 채용 비리 및 업무 처리 의심 관련,공군사관학교 교수사관 채용 비리 및 부당 업무 처리 의심 관련
1722,"보통 저는 하락 장일 때만 매수를 하는 편이고요,","보통 저는 하락 장일 때 때만 매수를 하는 편이고요,"
1724,솜뭉치 넘 귀엽고 주니어 넘 축하드립니다~!!,솜뭉치 넘 귀엽고 주니어님 넘 축하드립니다 ~!!
1727,업무환경 지원금으로 재구매한 M1 MAX PRO 14인치가 2달만에 집에 도착하셨습니다.,업무환경 지원금으로 재구매한 M1 MAX PRO 제품 14인치가 출시 2달만에 집에 도착하셨습니다.
1730,기회되면 한국에서 한번 뵙겠습니다~~!!,기회되면 한국에서 한번 꼭 뵙겠습니다 ~ ~!!
1736,코난이랑 김전일이 더 재밌다는 관객 의견에 % 동의한다.,코난이랑 김전일이 더 재밌다는 일부 관객 의견에 % 동의한다.
1738,불법 민주노총 시위때문에 고통받고 있습니다,현재 불법 민주노총 시위때문에 고통받고 있습니다
1742,실업급여가 자영업자를 더 힘들게 합니다,실업급여가 저소득 자영업자를 더 힘들게 합니다
1745,완전 재밌어 또 보고 싶어,완전 재밌어서 또 보고 싶어
1747,엄마 아빠를 반의어가 아닌 유의어로 바꿔주세요,엄마 아빠를 위해 반의어가 아닌 유의어로 바꿔주세요
1750,순경 시험 영어 폐지해 주세요.,순경 순경 시험 영어 폐지해 주세요.
1753,포스코에서 억울하게 해고된 직원의 복직을 원합니다.,포스코에서 억울하게 해고된 직원의 복직을 간절히 원합니다.
1762,운송장 번호가 궁금하신 분들은 저에게 살포시 DM 주세용,운송장 번호가 궁금하신 분들은 저에게 DM 살포시 DM 주세용
1775,갑자기 크리티컬 voc에 대해 알아보자 시간이 됐군요. ㅋㅋ,갑자기 크리티컬 voc에 대해 좀 알아보자 시간이 됐군요. ㅋㅋ
1788,여성전용칸 폐지 또는 여성전용이라는 단어 사용 금지 법 만들어주시길 바랍니다,여성전용칸제 폐지 또는 여성전용이라는 단어의 사용 금지 법 만들어주시길 바랍니다
1796,주변 확진 케이스 토픽으로 시작해 여행이야기로 이어졌습니다.,주변 확진 케이스는 토픽으로 시작해 여행이야기로 이어졌습니다.
1800,포카라가는 버스는 다시는 못탈거 같아요,포카라가는 버스는 다시는 잘 못탈거 같아요
1802,고3 학생들 붙잡아 두지 말아 주세요.,고3 학생들 붙잡아 두지 말아 해 주세요.
1843,사투리의 역사와 판별력 ㅋㅋ,사투리의 역사와 판별력. ㅋㅋ
1851,이런걸 사랑으로 포장하는 것조차 역겹다,이런걸 사랑으로 포장하는다는 것조차 역겹다
1855,하이브리드 자동차에 대한 혜택을 축소하거나 없애지 말아주십쇼.,하이브리드 자동차에게 대한 혜택을 축소하거나 없애지 말아주십쇼.
1860,:분 짜리 영화 입니다..:;;;,: 분봉 짜리 영화 입니다.. : ; ; ;
1877,3000미터 넘으면 한시간 정도 휴식하고 올라가야 한다고 하더라고요.,3000미터 넘으면 한시간 정도 휴식하고 올라가야 한다고들 하더라고요.
1882,누진세는 결국 이렇게 흐지부지 넘어나는군요,누진세는 결국 이렇게 해서 흐지부지 넘어나는군요
1888,"넵,오늘의 반가움은 맛난 커피로 이어갈게요.","넵, 오늘의 반가움은 더 맛난 커피로 이어갈게요."
1894,나는야.. 멕 라이언 누나 광팬... 허나.. 이젠 주름살이 너무 보인다...ㅠㅜ,나는야.. 멕 라이언 누나의 광팬... 허나.. 이젠 주름살이가 너무 보인다... ㅠㅜ
1909,하는지 안하는지 확인이 쉬우면 좋겠습니다.,잘 하는지 안하는지 확인이 쉬우면 좋겠습니다.
1914,국회의원 무노동 무임금 및 주민소환제실시 법으로 규정해야 합니다!!,국회의원 무노동 무임금 및 주민소환제실시 법으로 명확히 규정해야 합니다!!
1921,우리의 전통 홍길동전이 이렇게 쓰레기 같이 밟힐줄이야..어머나..,. 우리의 전통 홍길동전이 이렇게 쓰레기 같이 밟힐줄이야.. 어머나..
1924,헐 저 유튜브 본적 있어요!,헐 저 유튜브 영상 본적 있어요!
1925,역시 실력자는 어떤 분야를 해도 금방 적응을 하시는것 같네요 ㅎㅎ,역시 실력자는 거의 어떤 분야를 해도 금방 적응을 하시는것 같네요. ㅎㅎ
1932,제가 언제 저런 사진을 찍었나요..??,제가 언제 저런 사진을 못 찍었나요..??
1933,그럼 전 놋북 덮고 뛰러 갑니다,그럼 전에 놋북 덮고 뛰러 갑니다
1938,혹시 이건 제 하드웨어 이슈일까요...?,혹시 이건 또 제 하드웨어 이슈일까요...?
1942,와.. 햇볕이 너무 좋은데요...,. 와.. 햇볕이 너무 좋은데요...
1943,<PERSON> 님과 처음 얘기나누었습니다~!,오늘 < PERSON > 님과 처음 얘기나누었습니다 ~!
1952,꼭 질문 드리는걸로 ㅎㅎ,꼭 질문을 드리는걸로 ㅎㅎ
1964,경찰 공개채용 필기시험 법과목 필수 과목화 청원드립니다.,경찰 공개채용 필기시험 법과목 필수 필수 과목화 청원드립니다.
1965,그 모태가 되는게 언리더십이었군요!,그 모태가 하나 되는게 언리더십이었군요!
1979,드라마 집중안되어 채널을 돌리기도합니다..,드라마 집중안되어서 채널을 돌리기도합니다..
1981,ㅊ최고의 로멘스 드라마 ㅠㅠ,ㅊ최고의 로멘스 드라마! ㅠㅠ
1989,아마 여성용도 있을 것입니다.,아마 여성용도 있을 것 것입니다.
1994,한국 드라마사상 최고의 수작이 아닐까 싶습니다.,한국은 드라마사상 최고의 수작이 아닐까 싶습니다.
2004,진짜 상대를 힘들지않게 하고싶었으면 마음이 깊어지기전에 진작 밝혔어야지.,진짜 상대를 힘들지않게 하고싶었으면 마음이 깊어지기전에 진작에 밝혔어야지.
2012,재밌는데 교과서 보는 느낌? 같았음,재밌는데 교과서를 보는 느낌? 같았음
2034,주택을 제외한 모든 빌라/아파트 택배는 경비실에서 개인이 수령토록 해주세요,주택을 제외한 모든 빌라 / 아파트 택배는 경비실에서 개인이 직접 수령토록 해주세요
2039,그럴듯하게 시작했으나 억지스런 마무리.,나름 그럴듯하게 시작했으나 억지스런 마무리.
2047,일본 전범기 공식 항의해 주세요.,일본 전범기에 공식 항의해 주세요.
2065,좀 너무 하긴 하네여..ㅡ.ㅜ,좀 너무 하긴 너무 하네여.. ㅡ. ㅜ
2076,뒷 부분에 어느정도 해답이 있기를 ㅠㅠ,뒷 부분에는 어느정도 해답이 있기를 ㅠㅠ
2079,(전체객차중 단 1개의 객차량중 반을 활용),( 전체객차중 단 1개의 객차량중 반을 더 활용 )
2083,경계성 지능 장애인도 일반 장애인과 동일하게 대해주십시오,경계성 지능 장애인도 일반 장애인과 동일하게 잘 대해주십시오
2086,오....저는 요즘 재활 치료를 하는 마음으로 운동을 하고 있어서...ㅎㅎ;;,. 오.... 저는 요즘 재활 치료를 하는 마음으로 운동을 하고 있어서... ㅎㅎ ; ;
2097,역시 영화는 아무나 하는게 아니야~~~~~~,근데 역시 영화는 아무나 하는게 아니야 ~ ~ ~ ~ ~ ~
2107,마지막으로 저의 306090 응원도 잊지 않아주셨습니다(정작 다 끝나고 올리는..;;),마지막으로 저의 306090 응원도 잊지 않아주셨습니다 ( 정작 응원 다 끝나고 올리는.. ; ; )
2115,수많은 비유과 상징을 고민하는 재미를 주었다,수많은 비유과 함께 상징을 고민하는 재미를 주었다
2127,젊은 이미연씨도 이쁘고 다 좋은데 왜왜왜 비극적인가요?,젊은 이미연씨도 이쁘고 다들 좋은데 왜왜왜 비극적인가요?
2128,부자를 위한 부동산 정책,부자를 찾기 위한 부동산 정책
2148,한마디로 수술중 사용하면 즉사.,말 한마디로 수술중 사용하면 즉사.
2155,오픈클래스에 쉑쉑버거 까지 기억하셔서 정말 놀라웠어요.ㅎㅎ,오픈클래스에서 쉑쉑버거 까지 기억하셔서 정말 놀라웠어요. ㅎㅎ
2162,아 근데 나 남잔데..,아 근데 나도 남잔데..
2170,ㅋㅋㅋ 그런 것 같아요,ㅋㅋㅋ ㅋㅋㅋ 그런 것 같아요
2172,아무 정보도 없이 간걸 후회했다.,아무도 정보도 없이 간걸 후회했다.
2187,현실에도 존 커피가 있을 것 같다.,이런 현실에도 존 커피가 있을 것 같다.
2192,근데 ㅋㅋㅋ 한복 스타일 괜찮나요..?ㅋㅋㅋㅎㅎ,근데. ㅋㅋㅋ 한복 스타일 괜찮나요..? ㅋㅋㅋㅎㅎ
2201,제주도 날 좋을 때 또 가고싶네요~,제주도 날 좋을 때 또 제주도 가고싶네요 ~
2205,"이명박 첫 재판에 나오는 과정에서 수갑을 채우지 않는 사진을 보고, 사법부, 교도관들도 썩었다는 것이 증거.","이명박 첫 재판에 나오는 과정에서, 누군가 수갑을 채우지 않는 사진을 보고, 사법부, 교도관들도 썩었다는 것이 증거."
2206,강지환 이지아 조합 실패!..,강지환 이지아 조합은 실패!..
2207,벌 생각 하지 마세요,돈 벌 생각 하지 마세요
2211,헛..! 저 여기 단골이에요!,헛..!! 저 여기 단골이에요!
2213,못이 발사되는 그 공구는 대체..,못이 발사되는 그의 공구는 대체..
2231,삼성바이오로직스 고의분식 배후는 한공회와 금융위를 고발합니다,삼성바이오로직스 고의분식의 배후는 한공회와 금융위를 고발합니다
2237,국민 연금 혁신방안 제안합니다!,국민 연금개혁 혁신방안 제안합니다!
2240,교복 마이(자켓)을 없애거나 바꿔주세요.,교복 마이 ( 자켓 ) 을 없애거나 아예 바꿔주세요.
2248,D도 엉성하고.. 전 애들에게 동물 보여주려고 본건데 동물도 거의 안 나와요..,D도 너무 엉성하고.. 전 애들에게 동물 보여주려고 본건데 동물도 거의 거의 안 나와요..
2255,일단 기네스 맛있게 먹는 연기 연습부터 하시죵!!,일단은 기네스 맛있게 먹는 연기 연습부터 하시죵!!
2258,대한민국 성범죄의 '솜방망이 처벌'을 개선해야 합니다.,대한민국 성범죄의'솜방망이 처벌'을 시급히 개선해야 합니다.
2262,오 저희 이런 좋은 제도가 생겼꾼요!,오 저희도 이런 좋은 제도가 생겼꾼요!
2274,같이 어몽어스 했던게 엊그제 같은데 벌써 5개월 전이라는게 충격적이었습니다.,같이 어몽어스 했던게 엊그제 같은데 벌써 벌써 5개월 전이라는게 충격적이었습니다.
2281,그 친구 분 저에게 소개 좀 부탁드립니다. ㅋㅋ,그 친구 분 저에게 소개를 좀 부탁드립니다. ㅋㅋ
2283,제가 좀더 찾아 보니 proxy같은것 같은데 실험을 좀 해봐야겠습니다.,제가 좀더 찾아 보니 뭔가 proxy같은것 같은데 실험을 좀 해봐야겠습니다.
2290,살아야 될 이유를 찾은 아담,살아야만 될 이유를 찾은 아담
2294,합치면 인증샷들이랑 헷갈려서 ㅠㅠ,다 합치면 인증샷들이랑 헷갈려서 ㅠㅠ
2296,"혹시 여러분들은, 한 주를 회고하는 방식이 있으신가요?~","~ 혹시 여러분들은, 한 주를 회고하는 방식이 있으신가요? ~"
2300,채널 생성 제가 지금 할게요~!,채널을 생성 제가 지금 할게요 ~!
2301,천안함사건의 의문점에 대한 진상을 재조사해주시기를 청원합니다.,천안함사건의 의문점에 대한 모든 진상을 재조사해주시기를 청원합니다.
2306,자녀교육에 관심 많은 스타 분들을 위해 나중에 한 자리 마련해야겠어요!!,"자녀교육에 관심 많은 스타 분들을 위해, 나중에 한번 자리 마련해야겠어요!!"
2316,제가 있던 테이블에서도 너무나 가슴 뛰는 아이디어도 많이 나누었습니다.,제가 있던 테이블에서도 너무나 가슴 뛰는 아이디어도 많이 함께 나누었습니다.
2326,시간 참 빠릅니다. ㅎㅎ,이 시간 참 빠릅니다. ㅎㅎ
2332,"영어 시험을 없애거나, 영어 교육 방식을 바꿔주세요","영어 시험을 아예 없애거나, 영어 교육 방식을 바꿔주세요"
2336,"주말 만큼은 탈탈 털고, 좋은거 보고, 좋은 거 드시고, 좋은 시간 보내시기 바랍니다~","주말 만큼은 탈탈 털고, 기분 좋은거 보고, 좋은 거 드시고, 좋은 시간 보내시기를 바랍니다 ~"
2348,이 때까지만 해도... 참...,이 때까지만 해도.... 참...
2351,제가 요새 yebba - dawn 이라는 앨범을 엄청 듣고 있는데요,제가 요새 yebback - dawn 이라는 앨범을 엄청 듣고는 있는데요
2354,"약대입학정원 일본 13,000명 VS 한국 1,600명","약대입학정원 일본 일본 13, 000명 VS 한국 1, 600명"
2359,각급선거관리위원회의 예산낭비를 다음과 같이 고발합니다.,각급선거관리위원회의 예산낭비를 다음과 같이 같이 고발합니다.
2361,대한민국 특사에 대한 중국의 외교결례를 강력히 항의하십시요,대한민국의 특사에 대한 중국의 외교결례를 강력히 항의하십시요
2362,시터이모님 어서 빨리 컴백 하시기를요!!!!,그리고 시터이모님 어서 빨리 컴백 하시기를요!!!!
2366,오늘 걱정해주신 분들을 위해 오늘자 제주도 별 사진 올려드리며 밤을 마무리해봅니다,오늘을 걱정해주신 모든 분들을 위해 오늘자 제주도 별 사진 올려드리며 밤을 마무리해봅니다
2368,경제민주주의 왜곡에 대한 해명,경제민주주의 왜곡에 대한 정부 해명
2373,은행업무를 토요일에도 영업을 할수 있게 해주세요,은행업무를 통해 토요일에도 영업을 할수 있게 해주세요
2384,요즘 제가 고민하는 부분에 있어서도 배울 점이 많아서 귀에 쏙쏙 들어오네요.,요즘은 제가 고민하는 부분에 있어서도 배울 점이 너무 많아서 귀에 쏙쏙 들어오네요.
2389,작업 가능하신 분한테 부탁을 드려야 할 것 같습니다.,작업 가능하신 분한테 부탁을 드려야만 할 것 같습니다.
2394,전복돌솥밥도 되게 괜찮아요 :),전복돌솥밥도 되게나 괜찮아요 : )
2397,제꺼 헤드셋 정보 입니다. ㅋㅋㅋ,ㅋㅋㅋ 제꺼 헤드셋 정보 입니다. ㅋㅋㅋ
2399,화려한 액션과 아버지와 아들의 감동적인 스토리...,화려한 액션과 아버지와 아들의 가장 감동적인 스토리...
2406,공공기관 지방이전으로 국토의 균형발전을이루워주세요,공공기관 지방이전으로부터 국토의 균형발전을이루워주세요
2417,내일 관리사무소에 연락해서 상황 전달하라고 하네요,내일 관리사무소에서 연락해서 상황 전달하라고 하네요
2419,마지막 사진은 체력을 만땅으로 채워보자는 염원을 담은 달리는 말 배경..!!,마지막 사진은 제 체력을 만땅으로 채워보자는 염원을 담은 달리는 말의 배경..!!
2435,이거 언젠가 아이디어 들었던 것 같은 느낌이..?,이거. 언젠가 아이디어 들었던 것 같은 느낌이..?
2443,김성태의원 폭행한 사람 구속은 면하게 해주세요,김성태의원 폭행한 두 사람 구속은 면하게 해주세요
2444,충분히 재미있었음에도 평점이 낮은 이유는 글래디에이터가 넘사벽으로 명작이어서 그런 듯 하네요,충분히 재미있었음에도 평점이 너무 낮은 이유는 글래디에이터가 넘사벽으로 명작이어서 좀 그런 듯 하네요
2448,제발 좀 공교육의 질과 위상을 향상 시켜 주세요!!!!!!!!!!!!!!!!!!,제발 제발 좀 공교육의 질과 위상을 향상 시켜 주세요!!!!!!!!!!!!!!!!!!
2459,저도 언제 한 번 같이 출근해서 업무를 하기로 약속도 했네요!,저도 언제든지 한 두 번 같이 출근해서 업무를 하기로 약속도 했네요!
2465,그리고 사기꾼 집단의 거래소를 폐쇄하여 주시기를 바랍니다.,그리고는 사기꾼 집단의 거래소를 폐쇄하여 주시기를 바랍니다.
2466,공무원 실기시험 평등하게 해주시길 바랍니다.,공무원 실기시험 평등하게 평가 해주시길 바랍니다.
2468,"이효리가 출산율 저하에 미친 영향을 고려하여, 영향력있는 인사의 방송 출연 적극 제한 청원합니다.","가수 이효리가 출산율 저하에 미친 큰 영향을 고려하여, 영향력있는 인사의 방송 출연 적극 제한 청원합니다."
2474,익숙한 공식들로 너무 별볼일 없게 만들었다.,익숙한 공식들로 너무 별볼일이 없게 만들었다.
2479,앗 제가 메일 놓쳤었나봐요~!,앗 제가 이 메일 놓쳤었나봐요 ~!
2485,"오, 충격적이다. 대단한 작품!","오, 충격적이다. 대단한 예술 작품!"
2487,시걸아 치고 빠지는것도 좀 배워라..,시걸아 치고 빠지는것도 좀더 배워라..
2489,불가능을 가능케 만든 무한한 감동무비 !,불가능을 실현 가능케 만든 무한한 감동무비!
2491,여가부에서 정책한 2019년 아이돌봄 서비스의 잘못된 정책을 개선해 주십시오,여가부에서 잘못 정책한 2019년 아이돌봄 서비스의 잘못된 정책을 개선해 주십시오
2492,책보면서 그렇게 운적 처음 ㅡ ㅡ;,이 책보면서 그렇게 운적 처음 ㅡ ㅡ ;
2494,데려다 주셔서 편하게 왔어요,데려다 주셔서 정말 편하게 왔어요
2499,역시 이런 장르는 아무리 잘 만들어도 평이 낮군...,역시 이런 장르는 아무리 잘 만들어도 오히려 평이 낮군...
2505,매니징과 개발 / 리서치와 개발 / 개발 속도와 코드 퀄리티 균형 이야기가 나왔습니다.,매니징과 개발 / 리서치와 개발 / 개발 속도와 코드 퀄리티 균형의 두 이야기가 나왔습니다.
2510,조경태..김진태..이언주..의원님 난민 반대 감사요,조경태.. 김진태.. 이언주.. 의원님 난민 반대합니다 감사요
2515,읽을 줄도 모르는 불어책 읽는 느낌..,읽을 줄도 모르는 불어책을 읽는 느낌..
2516,울프강은 가신다고 하셨으니 패스 합니다…ㅎㅎ,울프강은 가신다고 하셨으니까 패스 합니다 … ㅎㅎ
2520,봅슬레이 슬라이딩센터 및 상비군을 지켜주세요...,봅슬레이 슬라이딩센터 및 경기장 상비군을 지켜주세요...
2521,치과 진료 쪽 보험을 좀더 확대 해주셨으면 좋겠습니다.,치과 치과 진료 쪽 보험을 좀더 확대 해주셨으면 좋겠습니다.
2523,로스쿨 입학정원 연 1만명으로 늘려야 합니다.,로스쿨은 입학정원 연 1만명으로 늘려야 합니다.
2529,무능한 문재인 정부를 심판해 주십시오.,무능한 문재인의 정부를 심판해 주십시오.
2536,"왜 안올리시지, 기다리고 있었어여","근데 왜 안올리시지, 기다리고 있었어여"
2553,애들 싸움이 어른싸움 된건데 참 보면 인의 동맹관계가 계속 바뀌는 것도 재밌고 히스테릭한 행동들도 재밌다.,애들 싸움이 어른싸움 된건데 참 보면 인의와의 동맹관계가 계속 바뀌는 것도 재밌고 히스테릭한 행동들도 재밌다.
2562,저 진짜 너무 먹고 싶어요,저 진짜 너무 먹고 보고 싶어요
2568,와아… 근데 넘 나 귀엽네요!!!!!!! ㅇ,와아 … 근데 … 넘 나 귀엽네요!!!!!!! ㅇ
2578,"이렇게 원하는신 분들이 많을거라고 생각도 못했,,,","이렇게 많이 원하는신 분들이 많을거라고 생각도 못했,,,"
2579,여름철 적정 실내온도를 24~25도로 낮춰주세요.,여름철 적정 실내온도를 24 ~ 25도로 대폭 낮춰주세요.
2621,최종 확인 요청드립니다 :),최종 신원 확인 요청드립니다 : )
2636,개헌으로 국회의원 수를 줄입시다,개헌으로 모든 국회의원 수를 줄입시다
2643,마지막에 미란이가 코난 손 잡을 때 눈물나 ㅠㅠ,마지막에 미란이가 코난 손 잡을 때 너무 눈물나 ㅠㅠ
2648,고품질 소리를 위해 저희 둘 다 마이크를 구매해서 사용하고 있었습니다.,또한 고품질 소리를 위해 저희 둘 다 마이크를 구매해서 함께 사용하고 있었습니다.
2653,어머니성을 따르고자 하는 경우에도 개명신청을 할 수 있게 해주십시오.,어머니성을 그대로 따르고자 하는 경우에도 개명신청을 할 수 있게 해주십시오.
2656,진지하게 보면 두사람의 심리가 보이고 애절하기까지 한데 다들 왜케 욕할까요?,진지하게 보면 이 두사람의 심리가 보이고 애절하기까지 한데 다들 그걸 왜케 욕할까요?
2664,이영화가 재밌다는 사람들 도저히 이해가 안된다. 하아~,이영화가 재밌다는데 사람들 도저히 이해가 안된다. 하아 ~
2665,교육학 중등 임 용고사 객관식으로 바꿔주세요,교육학과 중등 임 용고사 객관식으로 바꿔주세요
2666,"증권거래소 기업심사위원회 등 수많은 각종 ""위원회 명단"" 공개를 원칙으로 하라.","증권거래소 기업심사위원회 위원 등 수많은 "" 각종 "" 위원회 명단 "" 공개를 원칙으로 하라."
2668,학교에서 급식을 제대로 먹지 못하였습니다,학교에서의 급식을 제대로 먹지 못하였습니다
2689,뭐 좀 어지럽긴 했짐나 그것만 빼면 괜찮은듯....,뭐 좀 뭐 어지럽긴 했짐나 그것만 빼면 괜찮은듯....
2701,집앞이긴 한데 개인적으로 아래 카페 가보고 싶었습니다…!,집앞이긴 한데 개인적으로 아래의 카페 가보고 싶었습니다 …!
2719,뉴스같은 정형화 된 발화는 쉬우나 아마 감정을 담거나 하면 어려워지겠죠?,뉴스같은 경우 정형화 된 발화는 찾기 쉬우나 아마 감정을 담거나 하면 어려워지겠죠?
2721,담엔 사진 꼭 찍는 것으로!!,담엔 사진은 꼭 찍는 것으로!!
2734,오오. 여기서는 자주 보이는 음료인데 저도 오늘 마셔볼께요.,오오. 여기서는 자주 마셔 보이는 음료인데 저도 오늘 마셔볼께요.
2744,"할 일이 많아서 바쁘지만, 계속 할 일이 많은, 성장하는 회사가 되자는 이야기를 마지막으로 대화를 마쳤습니다.","할 일이 많아서 바쁘지만, 계속 할 일이 많은, 더 성장하는 회사가 잘 되자는 이야기를 마지막으로 대화를 마쳤습니다."
2748,헉 ㅋㅋㅋ 내년에 모두 대박나서 행복하기를!,헉! ㅋㅋㅋ 내년에 모두 대박나서 행복하기를!
2773,국회 의원 전주 조사 합시다,국회 의원들 전주 조사 합시다
2775,우리는 당신에게 최선을 다하기를 바랍니다!,우리는 당신에게 최선을 다하기를 간절히 바랍니다!
2782,지방직 공무원도 육아기단축근무 허용해주세요~!!!!!!!!,모든 지방직 공무원도 육아기단축근무 허용해주세요 ~!!!!!!!!
2783,저출산문제를 예산으로 해결하려는 정책에 대해서...,저출산문제를 예산으로 해결하려는 정책에 대해서 대해서...
2806,저도 친구한테 링크 받았어요,저도 그 친구한테 링크 받았어요
2809,나는 당신에게 최선을 다하기를 바랍니다!!,나는 당신에게 최선을 다하기를 간절히 바랍니다!!
2825,오늘날 사회를 잘 비춰준다.,오늘날 우리 사회를 잘 비춰준다.
2837,박근혜 정부 시즌2가 될 것인가?,박근혜 새 정부 시즌2가 될 것인가?
2839,종이통장 계속 사용 할 수 있게 해주세요.,종이통장 계속 사용 할 수 있 있게 해주세요.
2840,"ㅡ,.ㅡ"" 보다가 확 닫은영화.","ㅡ,. ㅡ "" 보다가 "" 확 닫은영화."
2844,음.. 아마도 제 것일것 같습니다.,음.. 아마도 제 것일것도 같습니다.
2845,소요가 자켓을 얻기위해 뽀뽀를 하는 장면은 충격적이였다,그리고 소요가 자켓을 얻기위해 뽀뽀를 하는 장면은 충격적이였다
2846,서울 집값 어떻게 생각하시는지??,그럼 서울 집값 어떻게 생각하시는지??
2849,저희는 고등어정식구이 먹고 있습니다 ㅎㅎ,지금 저희는 고등어정식구이 먹고 있습니다 ㅎㅎ
2855,보는 내내 욕만 나옴.,그런데 보는 내내 욕만 나옴.
2867,저도 너무 좋게 들었네요.,저도 너무 기분 좋게 들었네요.
2881,어휴 ㅠㅠ 많이 놀라셨겠어요 ㅠㅠ,어휴 ~ ㅠㅠ 많이 놀라셨겠어요 ㅠㅠ
2882,공매도 폐지 요청 간절히 드립니다,공매도 폐지 요청 간절히 부탁 드립니다
2883,손들었는데 스케줄 보니 그 시간 면접이 있네요 ;ㅁ; 흑,손들었는데 스케줄 보니 그 시간 면접이 잡혀 있네요 ; ㅁ ; 흑
2891,어릴적에 누나가 dvd로 빌려왔는데.. 이제는 구하기 어렵네ㅠㅠ,어릴적에 누나가 dvd로 빌려왔는데... 이제는 구하기 어렵네ㅠㅠ
2897,군산 동백대교 건설로 인해 주변 시민들은 하루하루 고통속에 살아가고 있습니다.,최근 군산 동백대교 건설로 인해 주변 시민들은 지금 하루하루 고통속에 살아가고 있습니다.
2898,태형도입 청원합니다. 피해자인권보호 범죄자인권x,태형도입 청원합니다. 성폭력 피해자인권보호 범죄자인권x
2908,오 약속 표현을 구체적으로 생각해보니 상상보다 더 재미있을 것 같아요 ㅎㅎ,오 약속 표현을 구체적으로 하나하나 생각해보니 상상보다 더 재미있을 것 같아요. ㅎㅎ
2912,강릉 1박 2일이면 시간이 많은 것도 아닌 것 같아서요~,강릉 1박 2일이면 시간이 많은 것도 아닌 걸 것 같아서요 ~
2915,Quest 2가 없어도 데스크톱에서 영상 통화를 통해 회의에 참여하는 것이 가능합니다.,"Quest 2가 없어도, 데스크톱에서 영상 통화를 통해 회의에 참여하는 것이 충분히 가능합니다."
2920,출연배우들의 발연기를 실컷 볼 수 있음,출연배우들의 발연기를 실컷 펼쳐 볼 수 있음
2931,어제부터 저도 (가상의) 집사가 되기로 했습니다..,어제부터 저도 새로운 ( 가상의 ) 집사가 되기로 했습니다..
2933,정시를 늘리고 수능 절대평가로 바꾸는 것을 물러주세요.,정시를 늘리고 수능을 절대평가로 바꾸는 것을 물러주세요.
2934,"제발 어음제도없세고 물품대 바로 카드결제로 법제화 되어야합니다,","제발 제발 어음제도없세고 물품대 바로 카드결제로 법제화 되어야합니다,"
2937,아쉽지만 푹 쉬고 몸이 다 나아서 다음주에 맛있는것 먹기로하며 마무리했습니다.,"조금 아쉽지만, 푹 쉬고 몸이 다 나아서 다음주에 맛있는것 먹기로하며 마무리했습니다."
2945,150만원 이하 통장압류 금지법 ... 빨리 만들어주세요 ...,150만원 이하 통장압류 금지법... 빨리 만들어주세요....
2947,한국자산관리공사에 근무하는 사람들의 특권의식을 없애는 제도적 장치를 마련해주시기 바랍니다,한국자산관리공사에 근무하는 사람들의 특권의식을 없애는 제도적인 장치를 마련해주시기 바랍니다
2953,이름이 너무너무 아파를 귀엽게 말하는것 같네요 ㅋㅋㅋ,이름이 너무너무 아파를때 귀엽게 말하는것 같네요 ㅋㅋㅋ
2955,"제주도 난민, 어쩌실 계획인겁니까.","제주도 난민, 어쩌실 겁니까 계획인겁니까."
2957,"혐오의 공간이 아닌, 안식의 공간을 위한 요양원 체제개선","혐오의 공간이 아닌, 사랑과 안식의 공간을 위한 요양원 체제개선"
2966,"괴짜 영화 같지만, 갈수록 빠져드는 내 자신을 발견했다...^","괴짜 영화 같지만, 갈수록 빠져드는 듯한 내 자신을 발견했다... ^"
2975,아 끝까지 보지 못한게...,"아, 끝까지 보지 못한게..."
2981,최종 각각 몇개 했을까요?,최종 각각은 몇개 했을까요?
2987,그리고 부족한 부분이 있다면 보완할 수 있는 방법을 고민해보면 좋을 것 같아요.,그리고 부족한 부분이 있다면 보완할 할 수 있는 방법을 고민해보면 좋을 것도 같아요.
2997,그놈의 굿 페이스가 뭔지...,그놈의 굿바이 페이스가 뭔지...
3003,출퇴근 시간(08시출근-17시퇴근) 변경하여 저녁있는 삶을 살자,출퇴근 시간 ( 08시출근 - 17시퇴근 ) 변경하여 즐거운 저녁있는 삶을 살자
3006,(서울신문 기고문) 지방법원의 개인회생법 적용실태,( 서울신문에 기고문 ) 지방법원의 개인회생법 적용실태
3013,최저임금에따른 최고임금 연동제와 스톡옵션제도 도입,최저임금에따른 최고임금과 연동제와 스톡옵션제도 도입
3018,좋아요... 5분대에 속하지만 24시간 46시간 근무합니다. 그들은 모두 얼마나 잘 연주합니까?,좋아요... 5분대에 속하지만 24시간 46시간 근무합니다. 그들은 모두들을 얼마나 잘 연주합니까?
3031,매우 시급합니다 ~ !,! 매우 시급합니다 ~!
3032,"사랑과 욕망이 파멸로 치닫는.. 정말 연민이 많이 가는 캐릭터, 강영걸.","사랑과 욕망이 파멸로. 치닫는.. 정말. 연민이 많이 가는 캐릭터, 강영걸."
3036,출혈이 너무 심해요. ㅠㅠ.,출혈이 너무 심해요.. ㅠㅠ.
3062,한국 근대사 이제 좀 자세히 배울수있게 해주세요,제발 한국 근대사 이제 좀 자세히 배울수있게 해주세요
3063,일제의 만행을 잘보여주는 역사의 증거물..,일제의 만행을 가장 잘보여주는 역사의 증거물..
3072,총 여섯명이 만나게 되었습니다 ㅎㅎㅎ,총 여섯명이 만나게 되 되었습니다 ㅎㅎㅎ
3088,와 완전 깨끗하게 보셨네요!!!,와 ~ 완전 깨끗하게 보셨네요!!!
3094,"평소에 전혀 생각해보지 못했던 Biz팀이 가지고 있는 숙제들과, AI 기업들의 생태에 관한 내용을 들려주셨습니다!","평소에는 전혀 전혀 생각해보지 못했던 Biz팀이 가지고 있는 숙제들과, AI 기업들의 생태에 관한 내용을 들려주셨습니다!"
3097,불편이 이만 저만이 아닙니다.,그 불편이 이만 저만이 아닙니다.
3101,서명을 보니 또 1번이 좋아보여요...!!,"서명을 보니, 또 1번이 좋아보여요...!!"
3102,두분다 발표신이신데... 고민이셨을 줄이야!!!,두분다 발표신이신데... 고민이셨을때 줄이야!!!
3122,"헉, 전 못 받았었는데 저거 너무 부러웠어요...","헉, 전 못 받았었는데 저거 너무 너무 부러웠어요..."
3123,페북보다보니 인공지능 관련 특허관련 자료가 있어서 가져왔습니다.,페북보다보니 인공지능 관련 특허관련한 자료가 있어서 가져왔습니다.
3125,여러분들도 꼭 사세요 이책...,여러분들도 꼭 사세요. 이책...
3130,시간상 많이 먹지는 못하겠지만.. 강릉 맛집 최대한 추천 받아서 가시죠!! FYI,시간상 많이 많이 먹지는는 못하겠지만.. 강릉 맛집 최대한 추천 받아서 가시죠!! FYI
3133,CV 쪽 너무 재밌는 주제가 많은 것 같아요. !,CV 쪽 너무 재밌는 주제가 너무 많은 것 같아요.!
3134,예전 Ullman의 특강을 들은 적이 있습니다.,예전 Ullman의 특강을 들은 본 적이 있습니다.
3136,국가장학금의 소득분위별 지급 금액 차이를 줄여주세요,국가장학금의 소득분위별 지급 금액 차이를 최대한 줄여주세요
3142,건물주 맘대로 1년마다 세 올릴수 있는 임대차 보호법 없애주세요 ㅠㅠ,건물주 맘대로 1년마다 다시 세 올릴수가 있는 임대차 보호법 없애주세요 ㅠㅠ
3143,그래서 이렇게 알바들이 난리를 치는구나..,그래서 또 이렇게 알바들이 난리를 치는구나..
3149,아 뻔한 스토리 ......ㅡ..ㅡ,아 뻔한 스토리....... ㅡ.. ㅡ
3156,용기를 가져야만 자신 스스로 존재할 수 있다.,용기를 가져야만 자신 스스로가 존재할 수 있다.
3161,다음에는 꼭 같이 갈 수 있기를…!!!,다음에는 꼭 같이 놀러 갈 수 있기를 …!!!
3168,주말동안 빅스웰이 찾아온 중문에서 서핑하고 왔습니다.,주말동안 빅스웰이 찾아온 후 중문에서 서핑하고 왔습니다.
3187,"정부는 경제, 안보,외교,교육에 대한 정확하고도 세밀한 분석이 필요합니다.","정부는 경제, 안보, 외교, 교육에 대한 보다 정확하고도 세밀한 분석이 필요합니다."
3198,근로기준법 수정 좀 해주세요.,근로기준법 수정 좀 더 해주세요.
3210,이러한 차이를 두지 않는다면 검토 세션 중에 갈등이 초래될 수 있다.,만약에 이러한 차이를 두지 않는다면 검토 세션 중에 갈등이 초래될 수 있다.
3220,어쨌든 우린 한민족 아닌가...,어쨌든 우린 한민족이 아닌가...
3222,남자들이 맘편하게 돌아다닐수 있게 해주세요,남자들이 맘편하게 돌아다닐수 있게 잘 해주세요
3230,떡 돌린일은 정말 잘한 일인듯 합니다.,떡 돌린일은 정말 정말 잘한 일인듯 합니다.
3239,이거 심하게 humor에 있어야 할 내용인데요?ㅋ,이거는 심하게 humor에 있어야 할 내용인데요? ㅋ
3240,어디서도 볼 수가 없어요! ! !,어디서도 찾아 볼 수가 없어요!!!
3252,내미래에 남편이나 아내가 저렇게 해줄수 있을까??,내미래에 남편이나 아내가 저렇게 잘 해줄수 있을까??
3255,검사장 출신 변호사 홍만표의 몰래변론 62건을 검찰에서 공개하게 해주세요.,검사장 출신 변호사 홍만표의 몰래변론사건 62건을 검찰에서 공개하게 해주세요.
3270,존 카펜터식 B급 소동극.,- 존 카펜터식 B급 소동극.
3279,저는 1차 때랑 거의 비슷한것 같아요!,근데 저는 1차 때랑 거의 비슷한것 같아요!
3282,청원 시스템을 개선해야 합니다.,청원 시스템을 시급히 개선해야 합니다.
3285,캐러비안에 나왔던 유머감각도 살아있고.,캐러비안에 나왔던 유머감각도 여전히 살아있고.
3286,"영화도 재밌게 봐서 강추하고, OST도 추천합니다.","영화도 재밌게 봐서 강추하고, 영화 OST도 추천합니다."
3288,친구가 조지아 지인한테 선물 받은걸 저에게 선물했어요 ㅋㅋ,친구가 조지아 지인한테 선물 받은걸 저에게 선물했어요. ㅋㅋ
3312,화장실 벽을 모두 대리석으로 교체해 주십시오.,화장실 벽을 모두 모두 대리석으로 교체해 주십시오.
3328,재충전의 타이밍이 정말 중요한 것 같아요! ㅎㅎ,재충전의 타이밍이 정말 중요한 일인 것 같아요! ㅎㅎ
3337,"저희는 또, ‘은평구, 진관사’에서의 추억을 함께 공유하고 있었는데요!","그래서 저희는 또, ‘ 은평구, 진관사 ’ 에서의 추억을 함께 공유하고 있었는데요!"
3354,대학교 졸업을 위한 강제봉사 이제 그만!!,우리 대학교 졸업을 위한 강제봉사 이제 그만!!
3359,정말 발표 자료 퀄리티 너무 멋집니다ㅠㅠㅠ,정말 발표 자료의 퀄리티 너무 멋집니다ㅠㅠㅠ
3365,개인적으로 무섭다기보다는 좀 슬펐다...,개인적으로는 무섭다기보다는 좀 슬펐다...
3378,지자체 시의원 수 늘리지 마세요,지자체 시의원의 수 늘리지 마세요
3380,일단 누수 문제 빨리 해결되시길..),일단 누수의 문제 빨리 해결되시길.. )
3381,세림아이텍 옵셔널벤쳐스와 효성을 재조사해 줄것을 청원합니다,세림아이텍 옵셔널벤쳐스와 효성을 조속히 재조사해 줄것을 청원합니다
3383,마시면 귀를 자를 수 있어지는..,마시면 귀를 잘 자를 수 있어지는..
3386,고질라 이후로.. 또 졸아보네.. ㅎㅎ,. 고질라 이후로.. 또 졸아보네.. ㅎㅎ
3389,위 프로모션으로 투숙하니 아래와 같은 gift를 주더군요~,위 프로모션으로 투숙하니까 아래와 같은 gift를 주더군요 ~
3412,단행본이 아직 완결이 안 되었네요.. 그래도 사놓을게요 ㅋ,. 단행본이 아직 완결이 안 되었네요.. 그래도 사놓을게요 ㅋ
3414,능력없는 국회의원은 해임할수있게 해주세요,능력없는 현역 국회의원은 해임할수있게 해주세요
3420,와 진짜 알바 제대로 쓰네,와 진짜 진짜 알바 제대로 쓰네
3428,소상공인 자영업자를 위해 임대료 및 관리비의 합리적인 일할 계산을 청원합니다.,소상공인 자영업자를 위해 임대료 인상 및 관리비의 합리적인 일할 비용 계산을 청원합니다.
3436,보는 제가 후웁하게 됩니다.,그걸 보는 제가 후웁하게 됩니다.
3445,보는데 피나콜라다 맛이 떠오릅니다!,보는데 피나콜라다 맛이 절로 떠오릅니다!
3451,4월29일 에 청원한 ((( 국회의원면책특권폐지 찬반을 국민투표로 물어주세요))) 찾아서 동의해주세요,4월29일 에 청원한 ( ( ( 국회의원면책특권폐지 찬반을 국민투표로 물어주세요 ) ) ) 을 꼭 찾아서 동의해주세요
3460,과소평가받은 진정한 숨은 명작 ㄷㄷ,과소평가받은 진정한 숨은 명작들 ㄷㄷ
3480,말씀하신 부분 잘 이해했습니다,말씀하신 부분을 잘 이해했습니다
3507,내 나이 .. 너무 때가 묻은걸까.. 끝까지 보기 힘들다..,내가 나이.. 너무 때가 묻은걸까.. 끝까지 보기 힘들다..
3517,제 다음 강의를 이분을 통해 만들어 보려고 합니다.,제 다음의 강의를 이분을 통해 만들어 보려고 합니다.
3518,신은경 접대부연기는 좀 아닌듯.,아무래도 신은경 접대부연기는 좀 아닌듯.
3563,ㅎㅎㅎ 이거 너무 귀엽네요.,ㅎㅎㅎ 이거 너무 너무 귀엽네요.
3576,담배값 이제 내려주셧으면 합니다.청원 첨 해봅니다.,담배값 이제 그만 내려주셧으면 합니다. 청원 첨 해봅니다.
3579,노래 low듣다가 갑자기 급꼴로봤는데 아 내가왜봤을까....,노래 low듣다가 갑자기 갑자기 급꼴로봤는데 아 내가왜봤을까....
3586,이수완씨 개인적으로 넘좋게봐서첫데뷔작이래서 본건데..,이수완씨 개인적으로도 넘좋게봐서첫데뷔작이래서 본건데..
3590,특히 야당에게 드리는 글이오니 이걸로 더 이상 문제 삼지 말기를 바랍니다.,특히 야당에게 자주 문의 드리는 글이오니 이걸로 더 이상 문제 삼지 말기를 바랍니다.
3593,진 에어는 면허취소가 되어야 합니다.,진 에어는 면허취소가 되어야만 합니다.
3601,다음에 라이딩 하는 기자님들과 함께 라이딩 모임 만들어서 초대드리겠습니다,다음에 라이딩 하는 기자님들과 함께 라이딩 모임 만들어서 함께 초대드리겠습니다
3603,그리고 범죄자 정화도 해결해 주세요,그리고 범죄자 정화도 꼭 해결해 주세요
3605,유투브에 올라오는 문대통령에 대한 악의적인 동영상 유언비어들을 처벌해 주세요,유투브에 올라오는 문대통령에 대한 악의적인 동영상 유언비어들을 처벌해주 주세요
3612,월세 내고 입점 할 수 있다네요.,그럼 월세 내고 입점 할 수 있다네요.
3617,축구국대 석현준 발탁 해주세요.,대한민국 축구국대 석현준 발탁 해주세요.
3630,조직폭력배 꼭 없애 주십쇼...,우리 조직폭력배 꼭 없애 주십쇼...
3633,왜 범죄 조직은 혜택이 많나요?,왜 이런 범죄 조직은 혜택이 많나요?
3634,대리운전기사도 대출의 기회를 부여해야합니다.,대리운전기사도 대출의뢰 기회를 부여해야합니다.
3652,비정규직 정규직화는 언제 해주시는건가요??,비정규직 정규직화는 언제부터 해주시는건가요??
3655,한부모 어린이집 순위... 지원 좀 해주세요,한부모 어린이집 순위... 지원 좀 좀 해주세요
3661,그때 주인공들은 무명 배우들 이었지만 엄청난 카리스마가 느껴질 정도 였지요.,그때 주인공들은 전부 무명 배우들 이었지만 엄청난 카리스마가 다 느껴질 정도 였지요.
3668,편은유덕화 벌레무렸누데왜 안죽지그게의구심이지만 정말액션스케일은 세계최강,편은유덕화 벌레무렸누데왜 안죽지그게의구심이지만 정말액션스케일은? 세계최강
3671,시효소급 등을 위한 '미투운동 특별법' 만들어 주세요.,시효소급 등을 위한'미투운동 근절 특별법'만들어 주세요.
3678,성매매 여성들에게 2천만원 지급하는거 하지 말았으면 좋겠습니다.,성매매 피해 여성들에게 2천만원 지급하는거 하지 말았으면 좋겠습니다.
3682,"예약전에 Safe2Go에 회원 가입해야 하는데, 절차가 매우 복잡하네요.","예약전에 Safe2Go에 회원 가입해야 하는데, 가입 절차가 매우 복잡하네요."
3684,선원들의 복지를 위한 선원법으로 개정해 주세요.,선원들의 복지를 위한 선원법으로 전면 개정해 주세요.
3690,부산시 명지동 중학교 설립 청원,부산시 명지동에 중학교 설립 청원
3693,너무 좋은 아이디어 같습니다 ㅋㅋㅋ,너무 기분 좋은 아이디어 같습니다 ㅋㅋㅋ
3695,우와 템플릿이 엄청 아티스틱하네요ㅎㅎ,우와 템플릿이 엄청 엄청 아티스틱하네요ㅎㅎ
3696,"네네. 저도 처음에는 뭔가 괴상한 한글 같아서 거부감이 있었는데, 그것도 쓰다보니 익숙해지더라고요. ㅎㅎ","네네. 저도 처음에는 뭔가 괴상한 한글 같아서 거부감이 있었는데, 막상 그것도 막상 쓰다보니 익숙해지더라고요. ㅎㅎ"
3702,나는 오직... . 헤헤,나는 오직..... 헤헤
3713,난 몇번을 봐도 너무너무 행복하고 즐겁고 눈시울 적시는영화~,난 몇번을 봐도 너무너무 행복하고 너무너무 즐겁고 눈시울 적시는영화 ~
3724,저는 비개발 직군만 그런 어려움이 있는 줄 알았는데 아니었다는 것에서 조금 놀랐습니다.,"저는 비개발 직군만 그런 어려움이 있는 줄 알았는데, 그게 아니었다는 것에서 조금 놀랐습니다."
3725,빨리 코로나 끝나서 예전처럼 종종 파티했으면 좋겠네요,"빨리 코로나 끝나서 예전처럼, 종종 파티했으면 좋겠네요"
3740,자가 와이파이 성능 테스트..,자가 와이파이 성능 테스트 테스트..
3745,이명박 출국금지 및 자원외교 특별수사를 청원합니다.,이명박 출국금지 및 자원외교 특별수사를 강력히 청원합니다.
3748,"어려운 서민들, 시골 어르신들이 주로 사용하지만, 가격이 내리지 않았습니다.","어려운 서민들, 시골 어르신들이 주로 주로 사용하지만, 가격이 내리지 않았습니다."
3753,핸드폰 소액 결제 없앨수 없을까요??,핸드폰 소액 결제를 없앨수 없을까요??
3761,왜 현대중공업 공자 폐쇠했는데 뉴스에 안나오나요...,. 왜 현대중공업 공자 폐쇠했는데 뉴스에 안나오나요...
3763,추가로 세계 최고의 맛을 자랑하는 상현의 자랑,추가로 세계 요리 최고의 맛을 자랑하는 상현의 자랑
3777,마더에 나온 그 할머니 맞죠? ㅎㅎ,마더에 나온 바로 그 할머니 맞죠? ㅎㅎ
3785,전미선......당신은 이런 위대한 연기자였군요!,. 전미선...... 당신은 이런 위대한 연기자였군요!
3786,이분들은 제외해주시고 새로 아래 두 분 추가 요청드립니다!,이분들은 제외해주시고 새로 아래 두 분은 추가 요청드립니다!
3787,자다가 깨서 ㅋㅋ ㅠ,자다가 깨서 ㅋㅋ ㅋㅋ ㅠ
3794,혹시 더 좋은 의견 있으시면 댓글 부탁드립니다!,혹시 더 좋은 의견 있으시면 댓글 많이 부탁드립니다!
3795,고위공무원(구청 국장)이 10여년간 유부녀와 불륜관계는 구속기소로 처벌해야 합니다.,구청 고위공무원 ( 구청 국장 ) 이 10여년간 유부녀와 불륜관계는 구속기소로 처벌해야 합니다.
3799,"생명에 위협을 느끼는 욕설과 전화, 미행등의 위협 에도 법적으로 해결 할 수 있는 방법이 없어 불안 합니다.","생명에 위협을 느끼는 욕설과 전화, 미행등의 위협들 에도 전혀 법적으로 해결 할 수 있는 방법이 없어서 불안 합니다."
3808,나라를 지키는 군인들을 위해!!,이 나라를 지키는 군인들을 위해!!
3817,오늘이 8주차인 것으로 알고 있어서요!,오늘이 8주차인 것으로 알고는 있어서요!
3831,"영어 이름뒤에 ‘께’, ‘께서’와 같은 걸 붙일지 말지 입니다.","영어 이름뒤에 ‘ 께 ’, ‘ 께서 ’ 와 같은 걸 붙일지, 말지 입니다."
3835,문재인 대통령은 지금 대한민국이 선진국이라고 생각하는가?,문재인 전 대통령은 지금 대한민국이 선진국이라고 생각하는가?
3840,후안무치 라는 말을 아시기는 하시나요?,후안무치 라는 말을 아시기는 어떻게 하시나요?
3855,무궁화를 더 많이 심어주세요...,무궁화를 더 많이 많이 심어주세요...
3856,기본적인 것만 해먹어서요 ㅋㅋ,기본적인건 것만 해먹어서요 ㅋㅋ
3858,학부모는 내 자식을 유아교육 전문가에게 교육받게할 의무와 권리가 있습니다,학부모는 내 자식을 모든 유아교육 전문가에게 교육받게할 의무와 권리가 있습니다
3859,저도 가고 싶었는데 너무 아쉽.,사실 저도 가고 싶었는데 너무 아쉽.
3861,과연 고맙다고 할 수 있을지!!!,과연 고맙다고 할 수는 있을지!!!
3865,스텝업이건 스트리트댄스건 보는동안 즐거웠다면 그만,물론 스텝업이건 스트리트댄스건 보는동안 즐거웠다면 그만
3866,그리고 아래와 같이 유투브도 운영하고 있습니다.,그리고 현재 아래와 같이 유투브도 운영하고 있습니다.
3868,불편한 용기의 정책참여 과정을 투명화 해주십시요,부디 불편한 용기의 정책참여 과정을 투명화 해주십시요
3877,경기도민의 삶을 책임져야 할 경기도지사를 음해하는 것은 경기도민을 위협하는 것과 같습니다.,경기도민의 삶을 책임져야 할 경기도지사를 너무 음해하는 것은 오히려 경기도민을 위협하는 것과 같습니다.
3888,흡흡.. 저도 아마 참여가 힘들듯해요 ㅠ,흡흡.. 저도 아마 투표 참여가 힘들듯해요 ㅠ
3889,한국형 멜로의 시초라 할 수 있는 추억 영화.,한국형 멜로의 한 시초라 할 수 있는 추억 영화.
3910,헛 ㅋㅋㅋ 힘든길을 가셨군요..,헛 ㅋㅋㅋ 힘든길을 많이 가셨군요..
3912,비행기 테러에 대해 궁금합니다.,비행기 폭탄 테러에 대해 궁금합니다.
3916,왁! 저도 여기 너무 좋아해요!!!,왁! 저도 여기를 너무 좋아해요!!!
3921,마츠다 쇼타! 연기 좋다,마츠다 쇼타! 연기 너무 좋다
3954,저희 멤버들 홍콩 오시면 모시고 싶은 식당입니다.,저희 멤버들 홍콩 오시면 모시고 싶은 중국 식당입니다.
3957,정말 아직도 가끔씩 생각나는 영화!,그리고 정말 아직도 가끔씩 생각나는 영화!
3963,"우리아이들은 공정한 사회에서 살 수 없는건가요?_(적폐청산, 정형식판사)","우리아이들은 공정한 사회에서 살 수 밖에 없는건가요? _ ( 적폐청산, 정형식판사 )"
3968,3년만의 축제라 너무 신났네요ㅎㅎㅎ,3년만의 첫 축제라 너무 신났네요ㅎㅎㅎ
3983,일본영화는 왜 이렇게 재미없냐,일본영화는 또 왜 이렇게 재미없냐
3989,관심 있으신 분들은 한 번 살펴보시는 것도 좋겠네요!,관심 있으신 분들은 한 번쯤 살펴보시는 것도 좋겠네요!
4002,표정에서 보이시는것 처럼 짚불맛이 살아있는 최고의 고기였습니다.,표정에서 보이시는것 처럼 짚불맛이 살아있는게 최고의 고기였습니다.
4011,드라마 한편만 봐도 눈물이 많이 나네요~ㅎ,드라마 한편만 봐도 정말 눈물이 많이 나네요 ~ ㅎ
4015,처음엔 이거뭐야 싶더니 나중에는 푹 빠져버렸음. 마사라무비의 지존,처음엔 이거뭐야 싶더니 나중에는 푹 빠져버렸음. 게다가 마사라무비의 지존
4016,정말 재밌게 봤던 드라마.,정말 재밌게 잘 봤던 드라마.
4020,정공법으로 나가지만 전혀 지루하지 않다,정공법으로 잘 나가지만 전혀 지루하지 않다
4024,요롷게 요롷게 작게 잎이 나는!,작게 자란 잎이 나는!
4027,혹시가시게 되면 부탁을 드려보오겠습니다.,혹시가시게 되면 꼭 부탁을 드려보오겠습니다.
4028,택시도 버스나 화물차같이 속도제어 해주세요,택시도 버스나 화물차같이 속도제어를 해주세요
4035,JTBC의 종편 퇴출을 청원합니다,JTBC의 종편 채널 퇴출을 청원합니다
4055,공중파 방송에서의 팩트체크가 되지 않은 방송이 나가지 않게 해주세요.,공중파 방송에서의 팩트체크가 되지는 않은 방송이 나가지 않게 해주세요.
4057,개고기는 개인의 취향일 뿐이지 불법은 아닙니다.,"개고기는 개인의 취향일 뿐이지, 불법은 아닙니다."
4075,장애인 카드에 대해서 할말이 있습니다.,장애인 카드에 대해서는 할말이 있습니다.
4077,지극히 폴란스키 스러운 매혹적인 작품,지극히도 폴란스키 스러운 매혹적인 작품
4094,12번째~~ 이번주는 <PERSON> 님과 함께 했습니다~~,12번째 ~ ~ ~ 이번주는 < PERSON > 님과 함께 했습니다 ~ ~
4100,안방에서 같이 자는 둘째입니다 :),안방에서 같이 자는 자는 둘째입니다 : )
4101,박하진이 저때는 저렇게 어렸군.,박하진이 저때는 정말 저렇게 어렸군.
4102,건설업 등 3D업종 근로환경 개선 및 주5일제 미시행사업장 처벌 강화,건설업 등 3D업종의 근로환경 개선 개선 및 주5일제 미시행사업장 처벌 강화
4105,내가 이걸 진짜 봤어.,내가 이걸 보고 진짜 봤어.
4106,ㅋㅋ 진짜 뮤츄얼을 세명이나!!!,ㅋㅋ ㅋㅋ 진짜 뮤츄얼을 세명이나!!!
4118,스마트폰 기기값 통신요금 하락,스마트폰 기기값 통신요금도 하락
4123,저 노래에 저 어꺠춤을 추며 노는 상상했습니다..!,저 노래에서 저 추며 노는 상상했습니다..!
4128,1950년대 호주기자의 한국유권자에 조언,1950년대 호주기자의 한국유권자에 대한 조언
4132,유머라고 하기에는 취향을 탈 수 있지만...,유머라고 하기에는 개인 취향을 탈 수 있지만...
4135,기대 안하고 봤는데 정말 재밌었어요!,기대 안하고 봤는데 정말 너무 재밌었어요!
4141,"최종대사 ""짜이찌엔!"", ""빵!"" 정말 감동이었습니다.","최종대사 "" 짜이찌엔! "",, "" 빵! "" 정말 감동이었습니다."
4144,.......... 이건 영화가 아냐...,.......... 이건 영화 영화가 아냐...
4150,"세금으로 더 이상 퍼주기 포퓨리즘 일자리정책 중단해 주세요,","세금으로만 더 이상 퍼주기 포퓨리즘 일자리정책 중단해 주세요,"
4170,넵 저도 다시 생각해보도록 하겠습니다!,넵 저도 다시 생각해보도록 준비 하겠습니다!
4171,메시지 안 보고 넘겼었는데...,메시지 안 보고 그냥 넘겼었는데...
4179,영상의 날씨는 무조건 달리고 봅니다.,영상의 날씨는 무조건 따라 달리고 봅니다.
4181,오오옷!! 진짜 무리지어서 많이 다니네요!!!ㅋㅋ,오오옷!! 진짜 너무 무리지어서 많이 다니네요!!! ㅋㅋ
4202,하지만 음악 영화라고 할 수는 없다...,하지만 꼭 음악 영화라고 할 수는 없다...
4211,돈벌기 힘들어서. . .,돈벌기 힘들어서....
4213,지폐에 그려진 인물화를 바꿔주세요,이 지폐에 그려진 인물화를 바꿔주세요
4237,"국회 의장, 상임 위원 특수 활동비도 전면 폐지 청원...","국회 의장, 상임 위원, 특수 활동비도 전면 폐지 청원..."
4251,하루전도 아니고 지금이게 말이 된다고생각하시나요?,이게 하루전도 아니고 지금이게 말이 된다고생각하시나요?
4270,권선2동 농수산물 시장 소음공해 및 빛 피해 조사 및 보상 당장 실시하라,권선2동 농수산물 시장 소음공해 및 가로등 빛 반사 피해 조사 및 보상 당장 실시하라
4271,사무실 폰부스가 마치 투표소 같아 보였습니다..ㅋㅋ,사무실 폰부스가 마치 투표소 같아서 보였습니다.. ㅋㅋ
4272,사무실에 가습기가 여러대 왔습니다.,사무실에 가습기가 이렇게 여러대 왔습니다.
4289,"각 데이터마다 비영리적으로 사용가능, 영리 사용 가능 등 여러가지 수칙이 있는 것으로 알고있습니다","각 데이터마다 비영리적으로 사용가능, 영리 사용 가능성 등 여러가지 수칙이 있는건 것으로 알고있습니다"
4298,자녀 장려금 소득제한 상향요청(2015년 시행 이후 4천만원 동결.... 최저임금은 2천원 올랐네요),자녀 장려금 소득제한율 상향 상향요청 ( 2015년 시행 이후 4천만원 동결.... 최저임금은 2천원 올랐네요 )
4316,덕분에 많은 힘 얻어갔어요!!,덕분에 많은 양의 힘 얻어갔어요!!
4318,휴대폰에 관련된 청원 요청합니다.,휴대폰에 관련된 사용자 청원 요청합니다.
4321,과연 정상회담을 언론이 말하는 것처럼 잘하고 온 걸까요?,과연 정상회담을 두고 언론이 말하는 것처럼 잘하고 온 걸까요?
4333,오~ 버터 소량으로도 가능한가요?,그럼 오 ~ 버터 소량으로도 가능한가요?
4334,"어떤 이슈가 생기거나, 도움이 필요할 때 적극 활용해주세요!","어떤 이슈가 생기거나, 또는 도움이 필요할 때 적극 활용해주세요!"
4335,주 52시간 근로... 둘째아이를 죽여야할지 살려야할지.. 고민입니다.,주제 52시간 근로... 둘째아이를 죽여야할지 살려야할지.. 고민입니다.
4336,특히 마지막 연설은 우리가 늘 이상적으로 꿈꾸던 리더 그 이상에 모습,""" 특히 마지막 연설은 우리가 늘 이상적으로 꿈꾸던 리더 그들의 이상에 모습"
4343,불법체류 외국인을 추방해야 합니다.,불법체류한 외국인을 추방해야 합니다.
4344,도자기는 물 빠지는 곳이 없군요..,도자기는 아직 물 빠지는 곳이 없군요..
4347,앜ㅋㅋ 또 퀄리티 있게 ㅋㅋㅋ,ㅋㅋㅋ 또 퀄리티 있게 ㅋㅋㅋ
4352,가상화폐 거래하지 않는 사람이 대부분입니다.,현재 가상화폐 거래하지 않는 사람이 대부분입니다.
4363,........최악의 기억이 다시 떠올랐다.,........ 최악의 기억이 다시금 떠올랐다.
4364,이건 나도 따라올 수 있겠더라,이건 나도 잘 따라올 수 있겠더라
4368,젊음과 열정 격정과 두려움..그 모든 것이 묻어나는 영화..,젊음과 열정 격정과 두려움.. 그 모든 것이 묻어나는 이 영화..
4377,"때마침 그 주가 벚꽃 만개 시즌이라, 같이 코워킹하는 번개를 모집해보려하는데요.","때마침, 그 다음 주가 벚꽃 만개 시즌이라, 같이 코워킹하는 번개를 모집해보려하는데요."
4380,인생 첫 마라톤 성공했습니다!!,내 인생 첫 마라톤 성공했습니다!!
4382,요즘 어디서 볼수 있어요?,요즘은 어디서 볼수 있어요?
4396,혹시 우리 회사에 에타글 게시 가능하신 분들은 얼마나 계시나요!!..!!!,혹시 우리 회사에 에타글 게시 가능하신다는 분들은 얼마나 계시나요!!..!!!
4402,다같이 빨리 극장으로 궈궈싱,다같이 빨리 극장으로 궈 궈궈싱
4404,처음 대면하는 것 같았는데 들어오신지 한달 조금 더 되셨더라고요 ㅋㅋㅋ,처음 대면하는 것도 같았는데 들어오신지 한달 조금은 더 되셨더라고요 ㅋㅋㅋ
4423,차량구입시 실사용주가 차량을 구매하도록 조치 바랍니다,차량구입시 실사용주가 해당 차량을 구매하도록 조치 바랍니다
4426,성적 자기 결정권 기준이 모호 합니다,성적 자기 판단 결정권 기준이 모호 합니다
4427,어맛!! 넘나 귀여워요!! ㅎㅎㅎ,어맛!! 넘나넘 귀여워요!! ㅎㅎㅎ
4433,이로써 ENFP가 한 분 더 추가되어 더욱 활기찬 CE팀이 될 것 같네요!,그리고 이로써 ENFP가 한 분 더 추가되어 더욱 활기찬 CE팀이 될 것 것 같네요!
4439,롤 파티 한번 해도 좋겠네요 ㅎㅎ,그럼 롤 파티 한번 해도 좋겠네요 ㅎㅎ
4441,오! 빠른 초대 감사드립니다~!!!,오!! 빠른 초대 감사드립니다 ~!!!
4446,빠른 수정 속도가 최고라는 의미였어요.^^,빠른 수정 속도가 최고라는 그런 의미였어요. ^ ^
4455,가보고 싶은 곳이 많아요 ㅋㅋㅋ,요즘 가보고 싶은 곳이 많아요 ㅋㅋㅋ
4456,2018년 3월 22일 새벽2시 아들뻘되는 31살에게 우리아버지같은 64세 어른이 폭행을 당하셨습니다.,2018년 3월 18 22일 새벽2시 아들뻘되는 초등학생 31살에게 우리아버지같은 64세 어른이 폭행을 당하셨습니다.
4461,누진제 한시적 완화 에너지특별자금특별법으로 정하세요.,누진제 적용 한시적 완화 에너지특별자금특별법으로 정하세요.
4463,다주택자 부동산 정책 및 대출 규제로 지방 부동산 다 죽습니다.,전국 다주택자 부동산 정책 및 대출 규제 규제로 지방 부동산 다 죽습니다.
4464,LPG차량 일반인도 쓰게 해주세요,LPG차량 일반인도 쓰게끔 해주세요
4468,훅팀의 퍼포먼스도 한번 봐주세요..,훅팀의 멋진 퍼포먼스도 한번 봐주세요..
4477,한 장 손으로 그려 놔야겠어요 ㅎㅎ,한 장 손으로 그려 놔야겠어요. ㅎㅎ
4499,이게 어려운 일이 었어요?,이게 어려운 어떤 일이 었어요?
4503,"기침하신다는데, 코로나 아니길 바랄게요!!!!!!","자주 기침하신다는데, 코로나 아니길 바랄게요!!!!!!"
4519,꺄아아아 어모나!!!! 너무 예쁘네요!!!!!,! 꺄아아아 어모나!!!! 너무 예쁘네요!!!!!
4520,환경관리가 더욱 철저히 진행되도록 해주세요!!!!!,환경관리가 더욱 더 철저히 진행되도록 해주세요!!!!!
4531,근처 오시면 무조건 차 대접 드립니다.,근처 오시면 무조건 차를 대접 드립니다.
4558,저는 어쩌다보니 제 강습반에 항상 혼자 남겨져서…ㅋㅋ,저는 어쩌다보니 제 강습반에서 항상 혼자 남겨져서 … ㅋㅋ
4560,용산에 영구임대아파트 건립을 제안합니다,서울 용산에 영구임대아파트 건립을 제안합니다
4570,해상도 높은 버전의 사진은 요기에 올려두었습니다.,해상도 높은 최신 버전의 사진은 요기에 올려두었습니다.
4573,"청와대 특감반원의 진실을 밝히고, 조국/임종석은 당장 파면조치하라 !","청와대 특감반원의 진실을 밝히고, 대통령 조국 / 임종석은 당장 파면조치하라!"
4574,미용업계 종사자에게도 최저임금을 보장해주세요,미용업계 종사자에게도 최저임금을 꼭 보장해주세요
4576,"이상호 2억원, 여자컬링 0원…경기단체 포상금 '천차만별' 이게 현실인가요?","이상호 2억원, 여자컬링 0원 … 경기단체 포상금'천차만별'이게 과연 현실인가요?"
4578,다문화 가정에 대한 무분별한 혜택을 중단해 주십시오.',다문화 가정 가정에 대한 무분별한 혜택을 중단해 주십시오. '
4581,장자연 사건 재수사를 원합니다ㅣ,장자연 사건 재수사를 간절히 원합니다ㅣ
4584,일본영화를 찾는게 그나마 우리와 정서적 공감이 되는 부분들 때문일 것이다,일본영화를 찾는게 그나마도 우리와의 정서적 공감이 되는 부분들 때문일 것이다
4585,군 병원을 이용하지 않고 외부 병원을 이용했으면 좋겠습니다.,군이 병원을 이용하지 않고 외부 병원을 이용했으면 좋겠습니다.
4591,이거 꼽고 출근 합니다!,이거 꼽고 바로 출근 합니다!
4600,사랑을 느끼게 해주는 영화....................,사랑을 다시 느끼게 해주는 영화....................
4601,국민은 50만원 공무원은 200만원!!! 웃기지도 않는다!!!,국민은 50만원 공무원은 200만원!!! 웃기지도도 않는다!!!
4603,"완전 스토리도 엉망이구, 완전 비추..ㅜ","완전 스토리도 엉망이구,, 완전 비추.. ㅜ"
4609,비슷한 상황이라 기대가 컷던 것일까..?,비슷한 상황이라서 기대가 컷던 것일까..?
4613,이어서 성장 그리고 투명성/자기주도/공감 등의 단어들이 모였습니다!,이어서 성장 그리고 투명성 / 자기주도 / 공감 등의 여러 단어들이 모였습니다!
4614,참가를 원하시면 3시간 안에 원하는 이모지를 마구마구 달아주세요!!,"참가를 원하시면, 3시간 안에 원하는 이모지를 마구마구 달아주세요!!"
4621,제가 눈물의 손해를 보면서 양보를 하는 것입니다. ㅠㅠ,그래서 제가 눈물의 손해를 보면서 양보를 하는 것입니다. ㅠㅠ
4622,@오피스에 출근 자주하시는 분들,@ 오피스에 출근을 자주하시는 분들
4625,"특히 입단테스트때 진짜 웃김.,","특히 입단테스트때는 진짜 웃김.,"
4633,발상의 전환은 돋보이나........난 잠만 자고 왔다.,발상의 전환은 돋보이나........ 난 잠만 잘 자고 왔다.
4634,이 사장님 강추는 정말 믿먹인데..!,이 회사 사장님 강추는 정말 믿먹인데..!
4648,빅뱅에 이어 2NE1이 7년만에 완전체로 뭉쳤습니다..!,빅뱅에게 이어 2NE1이 7년만에 완전체로 뭉쳤습니다..!
4650,대통령님 대구 수성구 범물동은 수성구가 아닙니다.,대통령님 대구 수성구 범물동은 대구 수성구가 아닙니다.
4653,어머 정말 좋아보여요! ㅋ,어머 정말 좋아보여요!! ㅋ
4655,전 개인적으로 낯설지만 그 추억이 주는 즐거움으로 맛도 있게 느껴졌슴니당 ㅎㅎ,전 개인적으로 낯설지만 그 추억이 주는 묘한 즐거움으로 인해 맛도 있게 느껴졌슴니당 ㅎㅎ
4664,내가 제일 좋아하는 로빈...,내가 제일로 좋아하는 로빈...
4666,저도 덕분에 오늘 오후 업무가 잘 될 것 같아요~!,저도 이 덕분에 오늘 오후 업무가 잘 될 것 같아요 ~!
4696,두번째 말씀해주신 방법도 완전 검토 가능할거같아요.,두번째 말씀해주신 방법도 아마 완전 검토 가능할거같아요.
4714,비슷한 사안은 모아주세요 그래야 힘이 됩니다!!,비슷한 사안은 모아주세요 그래야 힘이 다 됩니다!!
4719,저는 오토보이로 근근히 찍고 있는데...,. 저는 오토보이로 근근히 찍고 있는데...
4724,이슬람이 공식종교라면 신천지 증산도 통일교도 공식종교로 만들어주세요.,이슬람이 기독교 공식종교라면 신천지 증산도 통일교도 공식종교로 만들어주세요.
4741,동네친구 한명도 없는 저에겐 너무 이상적인 곳이네요..,동네친구가 한명도 없는 저에겐 너무 이상적인 곳이네요..
4749,비슷한 전략을 취해볼 수 있을 것 같습니다.,비슷한 전략을 취해볼 일 수 있을 것 같습니다.
4754,큰 모니터는 정말 중요한것 같습니다.,큰 모니터는 정말 정말 중요한것 같습니다.
4757,저는 4년제 사회복지학과를 8월달 졸업한 취업준비생입니다.,저는 연세대 4년제 사회복지학과를 8월달 졸업한 취업준비생입니다.
4770,화면도 어둡고 재미도 그다지...,. 화면도 어둡고 재미도 그다지...
4775,아침 운동전에 뭘 먹으면 좋을까요..? ㅠ,아침 운동전에는 뭘 먹으면 좋을까요..? ㅠ
4781,중국발먼지를 국제적인 관심으로 해결해 주세요!,중국발먼지를 국제적인 관심으로부터 해결해 주세요!
4785,산업은행이 대주주인 기업(대우건설)의 관리실태를 점검해 주세요.,산업은행이 대우건설 대주주인 기업 ( 대우건설 ) 의 관리실태를 점검해 주세요.
4789,군병원 폐지하고 민간병원에 위탁합시다.,군병원 폐지하고 민간병원에만 위탁합시다.
4798,아이돌 섭외 반대하고 정구호님을 올림픽감독으로 다시 임명해주십시오.,아이돌 섭외 반대하고 정구호님을 올림픽감독으로 다시금 임명해주십시오.
4804,케네스 브래너에서 마이클 키튼 까지 죄다 웃겨 보자구요.,케네스 브래너에서 마이클 키튼슨 까지 죄다 웃겨 보자구요.
4809,<PERSON> 님~! 이거 혹시 캐비닛에 들어가면 거기 넣어주실 수 있을까요??,< PERSON > 님 ~ ~! 이거 혹시 캐비닛에 안 들어가면 거기 넣어주실 수 있을까요??
4810,대형마트의 강제 휴일 실시를 폐지하여 주십시오.,대형마트의 강제 휴일 실시를 즉각 폐지하여 주십시오.
4813,신규 입사자라서 따로 그렇게 설정된 걸까용 ..?,신규 입사자라서 따로 그렇게 설정된다는 걸까용..?
4822,"단지, 좀 꼬부라진 혓소리 였어야 하지 않았나 싶음.","그건 단지, 좀 꼬부라진 혓소리 였어야 하지 않았나 싶음."
4824,어떤 감정으로 만져도 인기가 있습니다.,어떤 감정으로만 만져도 인기가 있습니다.
4846,네네 그부분 추가할게요! : ),네네 그부분만 추가할게요! : )
4851,6급이하 호봉 리미트 제도 만들어 주십시오,6급이하 호봉 리미트 제도 만들어 보여 주십시오
4852,서로 전공 이야기도 하고 업무 이야기도 했지만 무엇보다 올스타전에 대한 기대가 가장 컸네요!,물론 서로 전공 이야기도 많이 하고 업무 이야기도 했지만 무엇보다 올스타전에 대한 기대가 가장 컸네요!
4854,방문 요양보호사 도움받는 가족의 현실적인 입장입니다.,방문 요양보호사 도움받는 가족의 현실적인 지원 입장입니다.
4855,전국 균형 발전과 '거점 국립대 통합' 공약을 언제 실천할 것입니까?,전국 균형 균형 발전과'거점 국립대 통합'공약을 언제부터 실천할 것입니까?
4857,요리를 한번 먹으면 비슷한 맛을 구현해 낼 수 있는 능력자라고 하시니 부럽네요 ㅎㅎ.,요리를 한번만 먹으면 비슷한 맛과 맛을 구현해 낼 수 있는 능력자라고 하시니 부럽네요 ㅎㅎ.
4860,크학. 리모트를 상징하는 텅빈 사무실? ㅠㅠ,크학. 리모트를 상징하는. 텅빈 사무실? ㅠㅠ
4863,"좋은 AI 모델이 나오기 위해서는 좋은 데이터가 필수적으로 필요한데, 그 부분에서 항상 열심히 해주시는 데이터 팀 분들 감사합니다.","좋은 AI 모델이 많이 나오기 위해서는 좋은 데이터가 필수적으로 필요한데, 특히 그 부분에서 항상 열심히 해주시는 데이터 팀 모든 분들 감사합니다."
4865,문희상 국회의장 파면을 청원합니다.,문희상 국회의장의 파면을 청원합니다.
4871,국민연금등 4대연금을 통합하여 주십시요.,국민연금등 4대연금을 모두 통합하여 주십시요.
4874,매회 볼때마다 따스함이 뭍어나는 드라마~~,매회 볼때마다 따스함이 뭍어나는 로맨스 드라마 ~ ~
4885,이제 무서워서 사회생활을 못하겠네요 ...,이제는 무서워서 사회생활을 못하겠네요...
4887,"모든 백신(예방주사)의 성분분석 및 부작용 사례 전수조사,","모든 백신 백신 ( 예방주사 ) 의 성분분석 및 부작용 사례 전수조사,"
4898,그 와중에 개발 노가리방 혹시 계신분 있으신가요..?,그 바쁜 와중에 개발 노가리방 혹시 계신분 있으신가요..?
4899,팔 언제 뺄 수 있나요 ㅋㅋ,팔 언제 뺄릴 수 있나요 ㅋㅋ
4903,많은 인공지능 기업에서 산학협력을 추진하고 있습니다.,많은 국내 인공지능 기업에서 산학협력을 추진하고 있습니다.
4909,대국민 사기극!! 가상화폐 실명제 도입!!,대국민 사기극!! 가상화폐 거래 실명제 도입!!
4915,제가 외부 일정 끝나고 집에 들어가면 4시쯤 될 것 같은데,제가 외부 일정 끝나고 집에 일찍 들어가면 4시쯤 될 것도 같은데
4925,다들 식사 맛있게 하세요 :),다들 식사 맛있게 잘 하세요 : )
4929,"책상은 다음 주 중, 의자는 6월 초에 설치될 예정입니다.)","책상은 다음 주 중, 의자는 6월 초에 설치될 것 예정입니다. )"
4930,ㅋㅋ 사장님과 직원 같아요 ㅋㅋㅋ,ㅋㅋ 사장님과 직원이 같아요 ㅋㅋㅋ
4935,그래도 정말 하루하루 달라지네요.,그래도 요즘 정말 하루하루 달라지네요.
4938,근데 50k 아니고 25k 만 받았었는데 이상하네요,근데 50k 아니고 25k 만 받았었는데 진짜 이상하네요
4942,미세먼지 개선좀 해주세요. 정말 답답합니다.,미세먼지 제발 개선좀 해주세요. 정말 답답합니다.
4948,"오로지 평화통일만을 원한다.""라는 공식적인 성명 들은 후에 교류하세요.","오로지 "" 평화통일만을 원한다. "" 라는 공식적인 성명 들은 후에 교류하세요."
4952,엄청 향도 맛도 풍부하더라구요.,엄청 향도 맛도 정말 풍부하더라구요.
4953,토분도 종류가 초 다양!!,토분도 종류가 초 초 다양!!
4980,돈벌자 !!! 로또도 되라!!,빨리 돈벌자!!! 로또도 되라!!
4989,권력과 재력을 가진자들은 일반서민들보다 훨씬 엄정한 법집행을 하여야 합니다.,권력과 엄청난 재력을 가진자들은 일반서민들보다 훨씬 엄정한 법집행을 하여야 합니다.
4991,강동 주민 분들 여기 계셨군요!!,저희 강동 주민 분들 여기 계셨군요!!
5005,평점 조금은 더 올라가야될꺼 같네요,평점 조금은 더 올라가야될꺼도 같네요
5011,하지만 뭐 별 수 있나..,하지만 뭐 별 수 뭐 있나..
5018,대학교 취업계를 제출할 수 있게 해주세요.,대학교에 취업계를 제출할 수 있게 해주세요.
5020,최저인금 인상 이전에 물가 안정화 방안 및 최저임금 진상 조사,최저인금 인상 이전에 물가 안정화 방안 및 최저임금 인상 진상조사 조사
5029,타인의 문제로 인식한다는것은 문제를 제대로 이해하지 못했다는것과 같다.,타인의 문제로만 인식한다는것은 문제를 제대로 이해하지 못했다는것과 같다.
5035,추진력 계산식은 비슷합니다 ㅋㅋㅋ,추진력과 계산식은 비슷합니다 ㅋㅋㅋ
5048,한국인 차별하는 외국인 의료 특혜 폐지해주세요,한국인 차별하는 정부 외국인 의료 특혜 폐지해주세요
5052,다양한 영상미를 넣은건 좋았지만 정말 루즈한 영화.,다양한 영상미를 넣은건 좋았지만 정말 루즈한건 영화.
5056,범인 죽을 때 카타르시스~!!,범인 죽을 때는 카타르시스 ~!!
5071,팀원들 생각하시는마음 아주 멋있습니당ㅎ,우리 팀원들 생각하시는마음 아주 멋있습니당ㅎ
5081,저도 계정이 없어서 ㅋ,저도 제 계정이 없어서 ㅋ
5093,서로 웹툰 추천도 주고받고 즐거웠습니다~!!,서로 웹툰 추천도 주고받고 너무 즐거웠습니다 ~!!
5095,장관 점수제 의무화 제도 신설 바랍니다.,장관 점수제 의무화 및 제도 신설 바랍니다.
5097,"사랑에 대한 철학적, 심리적 분석이 매우 훌륭하다.","특히 사랑에 대한 철학적, 심리적 분석이 매우 훌륭하다."
5098,해임처분 당한 울산시 공무원 사건 엄정하게 수사해주세요..,"해임처분 당한 울산시 공무원, 사건 엄정하게 수사해주세요.."
5106,키싱구라미 그 은유는 정말 환상이었다..,키싱구라미 그 은유는 내게 정말 환상이었다..
5109,그 와중에 또 P를 거꾸로 했네요..,자 그 와중에 또 P를 거꾸로 했네요..
5111,미세먼지 해결해주세요. 대통령님 꼭 읽어주세요.,미세먼지 해결해주세요. 대통령님 책 꼭 읽어주세요.
5132,이렇게 좋은소재를 이렇게 망치다니....,이렇게 안 좋은소재를 이렇게 망치다니....
5133,야호... 호야호야 귀가 쫑끗하네요 쏘큩,야호... 호야호야 귀가 쫑끗하네요.
5134,주52시간 근무제와 유통업...간절 합니다...,주52시간 근무제와 유통업... 간절기 합니다...
5143,근처에 “앤더스 제주” 라는 카페도 넘 좋았어요!!!,근처에 “ 앤더스 제주 ” 라 라는 카페도 넘 좋았어요!!!
5148,아주 다양한 이야기를 나눌 수 있어서 좋았습니다!!,아주 다양한 이야기를 나눌 나눌 수 있어서 좋았습니다!!
5149,청소년에게 교육감 투표권을 주세요,어린 청소년에게 교육감 투표권을 주세요
5151,가마솥 닭백숙 기다리는 중입니다.,가마솥 닭백숙 기다리는 준비 중입니다.
5155,핵심가치 조사에 소중한 의견 내주신 모든 분들께 내일 중 이벤트 상품 참외 발송 예정입니다~!,핵심가치 조사에 소중한 의견 내주신 모든 분들께 내일 중 이벤트로 상품 참외를 발송 예정입니다 ~!
5157,중고차 매매 사기는 왜 근절시키지 않는 겁니까?,중고차 매매 관련 사기는 왜 근절시키지 않는 겁니까?
5159,"주연배우 너무 지겹고,,, 너무 무리한 압축... 으으으윽","주연배우 너무 지겹고,,, 너무 무리한 캐스팅 압축... 으으으윽"
5162,일자리 창출하기 전에 고용촉진지원금 부터 폐지하세요/,/ 일자리 창출하기 전에 고용촉진지원금 부터 폐지하세요 /
5165,"역시 기억이 안나지만 재밌다,,,","역시 기억이 안나지만, 재밌다,,,"
5186,여러가지 재밌는 취미를 가지는 것이 좋지 않을까 의견이 나왔습니다.,여러가지 재밌는 취미를 가지는 그런 것이 좋지 않을까 의견이 나왔습니다.
5200,상속자들..김은숙작가님 작품 중에 제일 감성미 넘치는 드라마였던듯..,상속자들.. 김은숙작가님 작품 중에 제일 감성미 넘치는 멜로 드라마였던듯..
5206,"와우 notion 참 필요하다 싶은 기능들을 잘 제공해주면서 성장하는 것 같네요… 다른 기능들을 보니,,!","- 와우 notion 참 필요하다 싶은 다른 기능들을 잘 제공해주면서 성장하는 것 같네요 … 다른 기능들을 보니,,!"
5218,근데 제 지인 통해서...,. 근데 제 지인 통해서...
5219,북한에 도로와 철도 건설 하는 사업을 즉각 중단해 주시기 바랍니다.,부디 북한에 도로와 철도 건설 하는 모든 사업을 즉각 중단해 주시기 바랍니다.
5221,그러면서 베티 블루와 비교하는 것이 범죄인 영화.,그러면서 베티언 블루와 비교하는 것이 범죄인 영화.
5223,아침에 같이 달리실분 대 모집.,내일 아침에 같이 달리실분 대 모집.
5231,방탈출 게임 두 개 기부했습니당 ㅋㅋ,방탈출 게임 두 개를 기부했습니당 ㅋㅋ
5233,집사 간택의 춤 아닌가요?!,이건 집사 간택의 춤 아닌가요?!
5245,정말 입을 다물수 없을만큼 충격 그자체...,. 정말 입을 다물수 없을만큼 충격 그자체...
5254,대통령 임기기간과 국회의원 강한처벌 법을 만들어야 합니다,대통령 임기기간과 국회의원의 강한처벌 법을 만들어야 합니다
5255,무주택자들만 1순위 청약 할 수 있게 해주세요.,제발 무주택자들만 1순위 청약 할 수 있게 해주세요.
5258,사진이 너무 우울해보이는데 그정도는 아닙니다!,사진이 너무 많이 우울해보이는데 그정도는 아닙니다!
5259,변신의 뒤에는 항상 아픔이 있다.,변신의 뒤에는 항상 다른 아픔이 있다.
5264,너무 우울하지만 너무 달달한...,너무. 우울하지만 너무 달달한...
5279,애월에 위치한 분위기 좋은 프렌치 레스토랑입니다.,애월에서 위치한 분위기 좋은 프렌치 레스토랑입니다.
5283,/' 치셔서 일반 페이지 추가하시는 건 되실건데... 혹시 그게 안되고 있나요? ;ㅁ;,/'치셔서 일반 페이지 추가하시는 건 되실건데... 혹시 그게 안되고는 있나요? ; ; ㅁ ;
5300,개인 페이지에 제가 느낀 대로 정리해보고 있는데 많은 분이 도움 주시면 감사하겠습니다!,개인 페이지에 제가 느낀 대로 정리해보고는 있는데 많은 분이 도움을 주시면 감사하겠습니다!
5308,"실제로 화학적 거세는 생명에는 지장이 없으며, 미국과 프랑스 등 선진국에서는 시행하는 제도입니다.","실제로 화학적 거세는 생명에는 지장이 전혀 전혀 없으며, 미국과 프랑스 등 선진국에서는 시행하는 제도입니다."
5321,평론가들 말대로 이것이 가장 미국적인 영화라면 미국은 가망이 없다!,평론가들 말대로 이것이 가장 미국적인 영화라면 미국은 이길 가망이 없다!
5346,다양한 주제로 재미있게 이야기 나누었습니다.,다양한 주제로 재미있게 만나 이야기 나누었습니다.
5349,아이돌마스터 밀리언 라이브 애니화 해주십시오.,아이돌마스터 밀리언 라이브를 애니화 해주십시오.
5352,장만옥. 이 따위에 출연하다니... 에궁.,. 장만옥. 이 따위에 출연하다니... 에궁.
5358,아 저는 휴가 관계로 아쉽지만 참석하지 못할 것 같습니다!!,아 저는 휴가 관계로 아쉽지만 참석하지 못할 것도 같습니다!!
5373,참석하실 분들은 오늘 오후6시까지 갠톡주셔요~,참석하실 모든 분들은 오늘 오후6시까지 갠톡주셔요 ~
5389,와 이거 완전 유용하네요ㅎㅎ,와 이거 진짜 완전 유용하네요ㅎㅎ
5398,핸드폰 태양력으로 충전하게 만들어주세요,꼭 핸드폰 태양력으로 충전하게 만들어주세요
5402,나 또한 원주율을 위해..,나는 또한 원주율을 위해..
5406,실버택배 지원 여부 확인 및 지원중일 경우 지원 철회 요청,실버택배 지원 여부 확인 및 지원중일의 경우 지원 중단 철회 요청
5409,임청정 순수해보이고 풋풋하던 그시절...,임청정. 순수해보이고 풋풋하던 그시절...
5435,담엔 꼭 오프로 뵙고 인사드릴게요.,담엔 내일 꼭 오프로 뵙고 인사드릴게요.
5441,청원 답변을 받을수있는 기준을 낮춰주세요,그리고 청원 답변을 받을수있는 기준을 낮춰주세요
5449,ㅋㅋㅋ 진짜 시간 가는 줄 몰랐네요,ㅋㅋㅋ ㅋㅋㅋ 진짜 시간 가는 줄 몰랐네요
5452,개 이하가 없어서 정말 안타깝습니다.,개 이하가 거의 없어서 정말 안타깝습니다.
5454,이거 가끔 그런경우가 있습니다. 아마 크롬+맥 조합.,이거 가끔 그런경우가 가끔 있습니다. 아마 크롬 + 맥 조합.
5462,위수지역 폐지를 강력하게 요청합니다.,위수지역 폐지를 강력하게 강력히 요청합니다.
5467,원래 이런거 안남기는데 ㅋ,원래 이런거 안남기는데 ㅋ ㅋ
5468,오 저도 넷플다큐 종종 찾아보는데! 추천 감사합니다ㅎㅎㅎ,오 저도 넷플다큐 종종 찾아보는데! 추천해서 감사합니다ㅎㅎㅎ
5469,아이들이 법적보호자를 신청/변경 할수있게 해주세요 !,아이들이 직접 법적보호자를 신청 / 변경 할수있게 해주세요!
5470,프레디 크루거의 캐스팅만 제대로 되었더라면 나쁘지는 않았을 영화이다,프레디 크루거의 캐스팅만으로 제대로 되었더라면 나쁘지는 않았을 영화이다
5475,넵은 10키로 하라는 것이죠? ㅋㅋ,넵은 10키로 하라는 그런 것이죠? ㅋㅋ
5490,청소년 보호법을 폐지해야 합니다.,청소년 보호법을 당장 폐지해야 합니다.
5493,네넵! 혹시 필요하면 말씀드릴께요!,네넵!! 혹시 필요하면 말씀드릴께요!
5497,이명박전대통령의 해외 출국을 금지하여 주세요/,이명박전대통령의 해외로 출국을 금지하여 주세요 /
5498,저는 금요일인데 마음 편하게 할 수 있겠군요.,저는 이제 금요일인데 마음 편하게 할 수 있겠군요.
5499,저 명함이 200장 정도 필요할듯 합니다.,저 명함이 200장 정도 필요할듯도 합니다.
5515,저도 이거 두 개 있…,근데 저도 이거 두 개 있 …
5519,오 뭔가 점점 아빠를 닮아가네요..!,! 오 뭔가 점점 아빠를 닮아가네요..!
5520,전국 아파트 실버택배 운용현황 전수조사 및 자료공개요청,전국 아파트 실버택배 운용현황 전수조사 및 관련 자료공개요청
5531,오늘 도착해서 사용해보다가 성능 테스트를 한번 해봤는데요.,오늘 도착해서 사용해보다가 성능 테스트를 다시 한번 해봤는데요.
5540,위장전입으로 받은 건축허가를 취소해주세요,위장전입으로 받은 건축허가를 모두 취소해주세요
5541,레밍턴스틸 이후 첨으로 참 유쾌하다고 느낀 드라마,레밍턴스틸 이후 첨으로 참말로 유쾌하다고 느낀 드라마
5548,김정일 사망 7주년 기념행사 추진,北 김정일 사망 7주년 기념행사 추진
5550,다만 발연기 하는 사람 없어서 편하게 봤다.,"다만, 발연기 하는 사람 없어서 편하게 봤다."
5551,조원진의 막말ㅡ200조에 대해 수사해주십시요.,조원진의 청와대 막말ㅡ200조에 대해 수사해주십시요.
5553,유사라 연기는 콧구멍조차 어색하지만 내용 엄청 파격적이고 살색의 향연이다!,유사라의 연기는 콧구멍조차 어색하지만 내용 엄청 파격적이고 살색의 향연이다!
5554,공기도 넘 시원하고 좋네요!!!,바깥 공기도 넘 시원하고 좋네요!!!
5559,화성시청 공무원의 안이하고 부당한 일처리,화성시청 공무원의 안이하고 부당한 업무 일처리
5570,"조만간 미국이든, 캐나다든, 어디든 한 두달살이를 레츠고!!!!!!!!","그리고 조만간 미국이든, 캐나다든, 어디든 한 두달살이를 레츠고!!!!!!!!"
5583,대한민국 정부가 하는 적폐청산... 현재 이게 맞는 행동입니까?,대한민국 정부가 하는 적폐청산... 현재 이게 맞는 정부 행동입니까?
5605,Ocn에서 해주길래 봤는데 음....,아까 Ocn에서 해주길래 봤는데 음....
5617,와아~ 타일에 격자에!! 옆에 창 마저!! 와아아아!!,와아 ~ ~ 타일에 격자에!! 옆에 창 마저!! 와아아아!!
5638,저는 개인적으로 채널 기능이 제일 강력한것 같아요.,저는 개인적으로 채널 기능이 제일로 강력한것 같아요.
5646,전국연합학력평가의 시행 횟수를 전국적으로 똑같게 맞춰주세요.,그리고 전국연합학력평가의 시행 횟수를 전국적으로 똑같게 맞춰주세요.
5649,여세를 몰아 이태원 클라스까지 시작했다는...,여세를 몰아 이태원의 클라스까지 시작했다는...
5652,"공동주택 일자리안정자금에 대한 문제점(미화원, 경비원 2019년 임금 동결건)","공동주택 일자리안정자금에 대한 문제점 ( 미화원, 경비원 2019년 임금 인상 동결건 )"
5653,오오~ 20개면 정말 정말 잘하는 것입니다.,오오 ~ ~ 20개면 정말 정말 잘하는 것입니다.
5654,차마 욕은 쓸수 없고..한숨만 나온다.,차마 욕은 쓸수 없고.. 한숨만 절로 나온다.
5667,네! 다른 분들도 참고하실 수 있게 공유드리겠습니다!!,네! 그럼 다른 분들도 참고하실 수 있게 공유드리겠습니다!!
5668,그래도 올라갈 때는 써야해서 그냥 두고 있어요ㅎㅎㅎ,그래도 올라갈 때는 써야해서 그냥 두고는 있어요ㅎㅎㅎ
5677,한단계 한단계 올라가는 중이라 스스로 괜히 신나는 중입니다…ㅎㅎㅋㅋ,지금 한단계 한단계 올라가는 중이라 스스로 괜히 신나는 중입니다 … ㅎㅎㅋㅋ
5683,"청원 댓글에 ""반대합니다"" 옵션을 넣어주세요..","청원의 댓글에 "" 반대합니다 "" 옵션을 넣어주세요.."
5685,곧 90명 될텐데요 ㅎㅎ,곧 90명이 될텐데요 ㅎㅎ
5686,"화면은 아름다웠지만, 쏟아지는 졸음은 어쩔수 없다","화면은 너무나 아름다웠지만, 쏟아지는 졸음은 어쩔수 없다"
5690,와 진짜 꿀팁.. 얻어갑니다!!!,와 진짜. 꿀팁.. 얻어갑니다!!!
5695,왠 TV후원광고가 이리도 많이 생기나요.,왠 TV후원광고가 이리도 많이 많이 생기나요.
5698,치료센터 가셔서 잘 치료 받으실 수 있나요?,치료센터 가셔서 잘 치료를 받으실 수 있나요?
5707,제가 아직 리크루티와 깃헙에 초대되지 않았습니다,제가 아직 리크루티와 깃헙에 초대되지는 않았습니다
5710,모든 선거에 있어 후보자들의 전과기록을 판례집 처럼 자세히 기재하도록 해주시기 바랍니다,모든 선거에 있어서 후보자들의 전과기록을 대법원 판례집 처럼 자세히 기재하도록 해주시기 바랍니다
5723,서울대에 초등교육과를 설치해 주세요.,서울대에 초등교육과를 하나 설치해 주세요.
5726,헐 앞머리 커엽 ㅋㅋㅋ,헐 ㅋㅋㅋ 앞머리 커엽 ㅋㅋㅋ
5728,거짓말일 것 같아서 다 미리 쓰셨다는 ㅋㅋㅋ,거짓말일 것 같아서 다 미리 다 쓰셨다는 ㅋㅋㅋ
5733,병원에서도 같은 말씀을 하시더라구요....,병원에서도 다 같은 말씀을 하시더라구요....
5744,오 신기 이런게 있군요,오 신기 이런게 다 있군요
5755,사립유치원 교사 좀 살려주세요.,사립유치원 교사들 좀 살려주세요.
5757,시나리오 수정 좀 하지,시나리오 수정을 좀 하지
5763,"돼지국밥;부추, 밀면 좋죠 ㅎ","; 돼지국밥 ; 부추, 밀면 좋죠 ㅎ"
5771,재미있게 읽었던 책 공유드립니다 :),재미있게 읽었던 책 공유드립니다. : )
5783,글자 이모지는 이 곳에서 쉽게 생성할 수 있습니다.,글자 이모지는 바로 이 곳에서 쉽게 생성할 수 있습니다.
5784,국세와 지방세 비율 및 공공기관 이전건에 대한 질의,국세와 지방세 비율 및 공공기관 이전건에 대한 대한 질의
5785,일베의 배후자금에 국정원이 개입했는지 조사 부탁합니다.,일베의 배후자금에 국정원이 개입했는지 추가 조사 부탁합니다.
5787,아흙 오늘은 오전에 베이비 타임으로 커피챗놓쳤네요 ㅠㅠ,아흙 오늘은 오전에는 베이비 타임으로 커피챗놓쳤네요 ㅠㅠ
5791,ㅎㅎ 이렇게 하면 겨우 516 Cal 소모네요. ㅋㅋ,. ㅎㅎ 이렇게 하면 겨우 516 Cal 소모네요. ㅋㅋ
5798,"인터넷이 안되니 전화라도 해야하는데, 전화번호도 슬랙에 들어가야 확인가능하고.. ㅜㅜ","인터넷이 안되니 전화라도 해야하는데, 전화번호도 일단 슬랙에 들어가야 확인가능하고.. ㅜㅜ"
5808,결국 상황이 어떻든 내가 옳은 판단을 하면 되는거다.,결국 상황이 어떻든 내가 옳은 판단을 하고 하면 되는거다.
5834,5가지 원칙이 깨달음을 주네요!,5가지 원칙이 모두 깨달음을 주네요!
5836,언젠가 화성에서 워크샵하는 날도 올 수 있으면 좋겠네요..!,언젠가 화성에서 워크샵하는 날도 올 수는 있으면 좋겠네요..!
5837,최고예여~ 말이 필요 없삼........,최고예여 ~ 말이 필요가 없삼........
5848,국회의원 파면이 가능하도록 해주세요.,국회의원의 파면이 가능하도록 해주세요.
5849,명량 아직안번사람들 이가보고 명량보는거 추천!!,명량 아직안번사람들은 이가보고 명량보는거 추천!!
5851,같이 또 갈 사람??,같이 또 갈 만한 사람??
5856,끝나고난 뒤의 여운이란 ..,끝나고난 며칠 뒤의 여운이란..
5857,어제 밤에 집에 참새가 들어와 온가족이 혼비백산 했습니다.,어제 밤에 집에 참새가 들어와 온가족이 혼비백산을 했습니다.
5861,헉스 저 이거 눈물버튼입니다ㅠㅠㅠ,헉스님 저 이거 눈물버튼입니다ㅠㅠㅠ
5877,3/5일 온다고 하니 그때부터 더 밝은 표정 보여 드리겠습니다.,"3 / 5일 온다고 하니, 그때부터 더 밝은 표정 보여 드리겠습니다."
5878,앞으로 데이터/모델 같이 잘 다뤄 보시죠!!,앞으로 데이터 / 모델을 같이 잘 다뤄 보시죠!!
5879,스페인어를 할줄 알았으면 좋았을텐데...,스페인어를 잘 할줄 알았으면 좋았을텐데...
5883,일주일에 5분씩 줌에서 뵈었더니 뭔가 익숙한 느낌적인 느낌... 앞으로도 자주 봬요!,. 일주일에 5분씩 줌에서 뵈었더니 뭔가 익숙한 느낌적인 그런 느낌... 앞으로도 자주 봬요!
5884,비위면직자 5년취업제한 10년으로 연장해주세요!!!,비위면직자 5년취업제한 10년으로 대폭 연장해주세요!!!
5900,전 이해가 안됩니다. ㅡ.ㅡ,전 이해가 안됩니다.. ㅡ. ㅡ
5901,사전질문도 훌륭했는데 현장 질문도 많이 들어오고! 대부분의 학생들이 끝까지 집중해서 잘 듣는 듯 했습니다.,사전질문도 훌륭했는데 현장 질문도 많이 들어오고! 대부분의 학생들이 거의 정말 끝까지 집중해서 잘 듣는 듯 했습니다.
5902,10월 국정감사에 정몽규 대한축구협회 회장을 반드시 출석시켜 주십시오,10월 국정감사에서 정몽규 대한축구협회 회장을 반드시 출석시켜 주십시오
5904,요즘 영화표값 오른 거 알지?,요즘 영화표값 오른다는 거 알지?
5914,"1차 농산물 생산, 유통의 면세 폐지, 과세 후 환급을 청원합니다.","1차 농산물 생산, 농산물 수입 유통의 면세 폐지, 과세 후 환급을 청원합니다."
5929,"우리땅 독도, 우리가 지켜야 합니다.","우리땅, 독도, 우리가 지켜야 합니다."
5931,토지를 보면 얼마나 부끄러워할까..,토지를 보면서 얼마나 부끄러워할까..
5933,이게 제대로 된 나라인가..,. 이게 제대로 된 나라인가..
5934,우선 맛을 다 보기 위해 12종짜리로.,우선 맛을 다해 보기 위해 12종짜리로.
5938,일일 일 일주 고고?,일일 일일 일주 고고?
5949,특히 대사대신 음악쓰는데 지렸음...,. 특히 대사대신 음악쓰는데 지렸음...
5962,아홉시에 카페에서 쫓겨나서 아쉬웠습니다.,아홉시에는 카페에서 쫓겨나서 아쉬웠습니다.
5963,소년법 폐지를 간곡히 청원합니다,부디 소년법 폐지를 간곡히 청원합니다
5972,애니메이션을 본 사람은 꼭 극장판을 보길!,애니메이션을 본 두 사람은 꼭 극장판을 보길!
5983,"고양이 얘기, 업무 얘기, 재택의 장점 얘기하며 너무 즐거운 시간 보냈습니다!","고양이 얘기, 업무 얘기, 재택의 장점을 얘기하며 너무 즐거운 시간을 보냈습니다!"
5995,공포를 원한다면 밤에 거울 앞에서 후래시 번 깜빡여봐라...,. 공포를 원한다면 밤에 거울 앞에서 후래시 번 깜빡여봐라...
6007,우리에게 혜택이 있을만한 정책이 있는지 한번 살펴봐주세요.,우리에게 혜택이 있을만한 정책이 있는지 한번 더 살펴봐주세요.
6011,"모바일 게임회사(넥슨, 펄어비스)의 방만한 관리 및 유저에 대한 비상식적인 적폐를 고발합니다.","모바일 전문 게임회사 ( 넥슨, 펄어비스 등 ) 의 방만한 관리 및 유저에 대한 비상식적인 적폐를 고발합니다."
6013,미녀'는 좀 아니고 걍 '여자 삼총사' ㅋ.,미녀'는 좀 아니고 걍'여자 삼총사 '. ㅋ.
6031,다음에 더 많은 얘기 나누어요!,다음에 더 많은 얘기를 나누어요!
6038,그건 그렇고 사진 너무 옛날 것 쓰신거 같은데...,그건 그렇고 사진은 너무 옛날 것 쓰신거 같은데...
6039,근데 약이 나오고 나서부터 문제가 시작된다.,근데 약이 나오고 그리고 나서부터 문제가 시작된다.
6043,서로 취미 생활을 공유하다가 둘 다 취미생활에 열정을 쏟는다는 공통점을 발견했습니다,서로 취미 생활을 꾸준히 공유하다가 결국 둘 다 취미생활에 열정을 쏟는다는 공통점을 발견했습니다
6047,"관공서,기업 대표전화(1588,1544 등) 없애거나 개선해주세요","관공서, 기업 대표전화 ( 1588, 1544건 등 ) 없애거나 개선해주세요"
6052,대통령님 제발...미세먼지 해결방법을 효과적인걸로...,. 대통령님 제발... 미세먼지 해결방법을 효과적인걸로...
6061,국민연금에 부과하는 소득세를 폐지해 주세요.,국민연금에서 부과하는 소득세를 폐지해 주세요.
6065,아마도 <PERSON> 님??? 아니면 슬렉 관리자 계정이신 분들께 도움 요청합니다!,아마도 < PERSON > 님???? 아니면 슬렉 관리자 계정이신 분들께 도움을 요청합니다!
6068,주로 서로의 background + 하는 일에 대해서 많이 이야기 나눴습니다.,주로는 서로의 background + 하는 일에 대해서도 많이 이야기 나눴습니다.
6077,"어머 저 여기 좋아해서, 막 생일날 엄마아빠랑 가고 그랬는데 사라져서 섭섭했어요!","어머 저 여기 너무 좋아해서, 막 생일날 엄마아빠랑 가고 그랬는데 사라져서 너무 섭섭했어요!"
6079,흡연장소 단속 관련 청원,흡연장소 추가 단속 관련 청원
6084,touchbar에서 뛰어다니는 앱도 있으면 좋겠네요 ㅋ,touchbar에서 뛰어다니는 앱도 많이 있으면 좋겠네요 ㅋ
6106,그리구 혹시 스티커 주문하실 때 어디서 하시는지 저도 알 수 있을까요 ㅎㅎㅎ,그리구 혹시 스티커를 주문하실 때 어디서 하시는지 저도 어떻게 알 수 있을까요 ㅎㅎㅎ
6119,<PERSON> 님도 한 번 고려해보시죠! ㅎㅎ,< PERSON > 님도 다시 한 번 고려해보시죠! ㅎㅎ
6124,모두가 움직였다고 해서 내가 움직인 것은 아니다.,모두가 움직였다고 해서 내가 움직인 것은 결코 아니다.
6129,남자 강제 군대징병은 위헌입니다.,남자 강제로 군대징병은 위헌입니다.
6132,엑스맨과 비교한 감독발언... 슈퍼맨을 기대했다가 우뢰매를 본 느낌...,엑스맨과 비교한 감독발언... 슈퍼맨을 기대했다가 우뢰매를 못 본 느낌...
6134,밀푀유나베 진짜 꽃 같아요!!,밀푀유나베 진짜 꽃과 같아요!!
6136,6피스만 드신 거 아니죠?,6피스만 드신다는 거 아니죠?
6148,마술 소재 영화는 스토리와 cg만 좋으면 당연이 성공한다.,마술 소재 영화는 스토리와 함께 cg만 좋으면 당연이 성공한다.
6155,Magnet 은 화면 분할을 단축키로 0.3초만에 착착 할 수 있게 되는 앱입니다.,Magnet 은 화면 분할을 통해 최대 단축키로 0. 3초만에 착착 할 수 있게 되는 앱입니다.
6156,뉴스가 오히려 힐링이 된다는 ㅎㅎ,뉴스가 오히려 힐링이 된다는. ㅎㅎ
6160,압박에 의한 아이들의 보호를 간절히 바라며,압박에 의한 아이들의 안전 보호를 간절히 바라며
6168,여성도 군대를 의무적으로 가야합니다 페미니즘의 출발선,여성도 군대를 의무적으로 타고 가야합니다 페미니즘의 출발선
6169,알프레드 히치콕 찰리 채플린 등 제가 흑백영화를 정말정말 좋아하는데 정말 재밌게 봤어요,"알프레드, 히치콕 찰리 채플린 등 제가 흑백영화를 정말정말 좋아하는데 정말 재밌게 잘 봤어요"
6170,내용 괜찮고 아주 흥미로왔어요.,내용 괜찮고 아주 큰 흥미로왔어요.
6185,와 닭갈비와 막국수... 조합... 사기죠 ㅎ,와 닭갈비와 그리고 막국수... 조합... 사기죠 ㅎ
6186,제가 생각하는 주요 챕터를 일부 발췌합니다.,제가 항상 생각하는 주요 챕터를 일부 발췌합니다.
6194,정말 무섭게도 실제 이야기의 주인공들은 대부분 보호관찰 처분만을 받았습니다,정말 무섭게도 실제 이야기의 주인공들은 거의 대부분 보호관찰 처분만을 받았습니다
6200,전 개인적으로 별로였네요 아동용에 왜이리 열광하는 줄 모르겠네요,전 개인적으로 별로였네요 아동용에 왜이리까 열광하는 줄 모르겠네요
6207,분발해서 찍고 싶어지네요 ㅎㅎ,분발해서 찍고 싶어지네요. ㅎㅎ
6211,의료용 대마 합법화(오찬희 법) 의결을 촉구합니다.,또 의료용 대마 합법화 ( 오찬희 법 ) 의결을 촉구합니다.
6229,재정신으로는 절대 만들 수 없다.,재정신으로는 절대 만들 수는 없다.
6252,찾고 있는데 쉽지 않네요,찾고는 있는데 쉽지 않네요
6257,대한민국에서 의료용 대마를 사용 할수있게 허가해주세요,대한민국에서 의료용 대마를 사용 할수있게끔 허가해주세요
6270,역시 숨길 수 없나봐요ㅎㅎ,"역시, 숨길 수 없나봐요ㅎㅎ"
6274,다시 나타날 수 없는 작품,이후 다시 나타날 수 없는 작품
6288,~~~~~~~~~~~ 가상화폐 ~폐쇄 청원합니다 ~~~~~~~~~~~~~~~~~~~~,~ ~ ~ ~ ~ ~ ~ ~ ~ ~ ~ 가상화폐 ~ ~ 폐쇄 청원합니다 ~ ~ ~ ~ ~ ~ ~ ~ ~ ~ ~ ~ ~ ~ ~ ~ ~ ~ ~ ~
6291,직장내 상사의 갑질과 과도한 회식후 벌어지는 환락에 금지를 직장인들의 동참을 기다립니다,직장내 상사의 갑질과 과도한 회식후 벌어지는 환락에 금지를 위한 모든 직장인들의 동참을 기다립니다
6311,중학교이하 핸드폰 8시 이후에는 인터넷 사용 못하게 법으로 막아주세요.,중학교이하 핸드폰 8시 이후에는 인터넷 사용을 못하게 법으로 막아주세요.
6316,Phum Viphurit 좋죠 ㅠ,Phum Viphurit 너무 좋죠 ㅠ
6321,체력이 다하지 않는다면 참석할게요.,체력이 거의 다하지 않는다면 참석할게요.
6335,흙에 숨어있던 버섯이 자라는 진기한 장면을 볼 수 있었습니다 ㅋㅋㅋ,흙에 숨어있던 버섯이 쑥쑥 자라는 아주 진기한 장면을 볼 수 있었습니다 ㅋㅋㅋ
6337,앗 저도 이거 해봤어요 ㅋㅋ 귀엽 ㅎㅎ,앗 ~ 저도 이거 해봤어요 ㅋㅋ 귀엽 ㅎㅎ
6342,이게 MTB용이지만 신발이랑 접지가 넓어서 효율이 좋다고 합니다.,이게 MTB용이지만 신발이랑 접지가 넓어서 효율이 굉장히 좋다고 합니다.
6343,"한국철도시설공단은 국민의 행복추구권, 기본권을 보장하라","한국철도시설공단은 국민의 행복추구권, 기본권을 반드시 보장하라"
6348,대부분의 삶은 이런 것들이 혼재되어 있다.,대부분의 우리 삶은 이런 것들이 혼재되어 있다.
6355,"지하철 남성전용칸, 남성전용 버스가 필요합니다","지하철 남성전용칸, 남성전용칸 버스가 필요합니다"
6360,청소년 보호법은 반드시 폐지 되어야 합니다!,청소년 보호법은 반드시 폐지가 되어야 합니다!
6363,역시 이신보다 강신우가 진리!,역시 이신보다도 강신우가 진리!
6372,온보딩 미팅 후에 첫 원온원이었는데 너무 반가웠습니당,온보딩 미팅한 후에 첫 원온원이었는데 너무 반가웠습니당
6384,"꿈만 꾸는 자에게,미래는 없다","꿈만 꾸는 자에게, 미래는 아직 없다"
6387,지분이 많았어야 했는데 고작 친구라서 아쉽습니다..,지분이 많았어야 했는데 고작 친구라서 좀 아쉽습니다..
6388,홍대 누드 모델에 대한 2차 가해가 계속되고 있습니다.,홍대 누드 모델에 대한 2차 가해가 계속되고는 있습니다.
6390,"아..참, 그래도 상의탈의는 확실히 한다.","아.. 참, 그래도 상의탈의는 확실히 확실히 한다."
6391,ㅋㅋ과연… 둘의 전화는 이어질 수 있을 것인가…..,ㅋㅋ과연 … 이 둘의 전화는 이어질 수 있을 것인가 …..
6403,비리요양병원 척결과 요양의료법 개정을 요구합니다,비리요양병원 척결과 함께 요양의료법 개정을 요구합니다
6405,"나가야하는데, 제가 지갑을 안가져와서.. ㅜㅜ","나가야하는데,, 제가 지갑을 안가져와서.. ㅜㅜ"
6408,"마지막 반전을 위한 시간의 지루함...-,-","마지막으로 반전을 위한 시간의 지루함... -, -"
6418,코인이 뭔지는 10이라도 아시나요??,코인이 뭔지는 10이라도 잘 아시나요??
6419,가상화폐 거래소뿐 아니라 완전한 폐지를 원합니다.,가상화폐는 거래소뿐 아니라 완전한 폐지를 원합니다.
6430,두분 배경이 같아서인지 뭔가 한 사무실에 계신것 같은 느낌이 드네요 ^^,두분 배경이 같아서인지 뭔가 한 사무실에 계신것 같은 듯한 느낌이 절로 드네요 ^ ^
6435,월요일에 제가 한번 파토내서 오늘 진행하긴 했지만..,. 월요일에 제가 한번 파토내서 오늘 진행하긴 했지만..
6451,낄까말까는 무조건 끼는 것으로. ㅋㅋ,낄까말까는 무조건 끼는 것으로.. ㅋㅋ
6460,진짜 ㅠㅠ 치명적 굠,아 진짜 ㅠㅠ 치명적
6466,울진군 근남면 오산리의 어촌계의 권리 남용에 대해서 청원합니다,울진군은 근남면 오산리의 어촌계의 권리 남용에 대해서 청원합니다
6481,제로 다크서티보다 완성도 떨어지는 영화,제작비 제로 다크서티보다 완성도 떨어지는 영화
6490,여자들이 잘 안봐서 그런가....,다른 여자들이 잘 안봐서 그런가....
6492,챌린지 와이드 풀업 9개 올립니다 조만간 15개 갑니다!!!!,챌린지 와이드 풀업 9개 올립니다 조만간 챌린지 15개 갑니다!!!!
6501,내가 페제만큼이나 좋아하는 작품...,내가 그 페제만큼이나 좋아하는 작품...
6504,남북정상회담비준을 국민이 직접하도록 청원합니다!,남북정상회담비준을 모든 국민이 직접하도록 청원합니다!
6512,참고하시면 좋을것 같습니다 ㅎㅎㅎ,꼭 참고하시면 좋을것 같습니다 ㅎㅎㅎ
6513,메세지는 분명했고 영화가 끝난 순간 대런 애로노프스키 크레딧이 뜬 순간 소름 돋음....,"메세지는 분명했고, 영화가 끝난 순간 대런 애로노프스키 크레딧이 뜬 순간 소름이 돋음...."
6517,내부에서 한번 사용해보고 괜찮으면 확대하는 것도 좋을 것 같습니다?,그럼 내부에서 한번 사용해보고 괜찮으면 확대하는 것도 좋을 것 같습니다?
6519,이런 귀여운 이메일 주소가 있네요. ㅋㅋ,이런 아주 귀여운 이메일 주소가 있네요. ㅋㅋ
6527,두번 터질수 있으니 주의 부탁드립니다.,두번 터질수 있으니 주의를 부탁드립니다.
6534,양립하지 못하는 워킹맘의 일탈과 가족주의.,양립하지 못하는 워킹맘의 지나친 일탈과 가족주의.
6535,주말에본 우영우 얘기도 했습니당,주말에본 우영우랑 얘기도 했습니당
6541,오잉 여기 저희 아파트 헬스장과 유사도가 너무 높은데...!!!!ㄷㄷ,. 오잉 여기 저희 아파트 헬스장과 유사도가 너무 높은데...!!!! ㄷㄷ
6545,누구를 위한 대체공휴일 인가요? ㅠ,누구를 위한 대체공휴일 인가요?? ㅠ
6552,소급 적용은 안되나요? ㅋ,소급 적용은 안되나요?? ㅋ
6557,개발자가 훨씬 많이 들어왔으면 좋겠다고 이야기하기도 하고 마지막으로는 서로 건강하게 일하자고 다짐하면서 마무리 했네요.,"개발자가 훨씬 많이 들어왔으면 좋겠다고 이야기하기도 하고, 마지막으로는 서로 건강하게 열심히 일하자고 다짐하면서 마무리 했네요."
6565,"살인자, 성범죄자 강력 처벌 요구드립니다.(조두순)","아동 살인자, 성범죄자 강력 처벌 요구드립니다. ( 조두순 )"
6574,"대통령님, 고육지책이라는 운전면허시험제도를 개선해 주십시오.","문재인 대통령님, 고육지책이라는 운전면허시험제도를 개선해 주십시오."
6575,양도세 100% 과세 지금 당장 시행 해주세요!!,양도세 100 % 과세 지금부터 당장 시행 해주세요!!
6576,진챠 귀여운 아이와 함께 일주일 시작함돠!!,진챠 귀여운 아이와 함께 ~ 일주일 시작함돠!!
6585,좋은 장소 공유 부탁 드립니다.,좋은 장소 공유를 부탁 드립니다.
6590,ㅎㅎㅎ 마지막 반전 주의. ㅋ,. ㅎㅎㅎ 마지막 반전 주의. ㅋ
6595,요청받은 일을 처리했을 때 쓸 이모지를 추가했습니다.,그리고 요청받은 일을 처리했을 때 쓸 이모지를 추가했습니다.
6598,꽃보다 시리즈 첨부터 다 봤어요...,꽃보다 시리즈 첨부터 다 써 봤어요...
6606,HUG주택도시보증공사는 대구 수성W의 분양가를 현실에 맞게 합리적으로 책정해 주시기 바랍니다.,HUG주택도시보증공사는 대구 수성W의 분양가를 지역 현실에 맞게 합리적으로 책정 책정해 주시기 바랍니다.
6610,보이피싱 으로 인한 피해 보상금 환원,보이피싱 으로 그로 인한 피해 보상금 환원
6611,"몇주 뒤 2월 중순쯤, 졸업과 전문연 편입이 완료되시고 나면 오피스에서 자주 뵐수 있을 것 같습니다!","그리고 몇주 뒤 2월 중순쯤, 졸업과 전문연 편입이 완료되시고 나면 오피스에서 자주 뵐수가 있을 것 같습니다!"
6615,"1시간짜리 정기권이 너무 짧은 것 같아서, 이번에 2시간짜리로 바꿨습니당 ㅋㅋㅋ ㅎ","1시간짜리는 정기권이라 너무 짧은 것 같아서, 이번에 2시간짜리로 바꿨습니당 ㅋㅋㅋ ㅎ"
6621,유치원 및 보육원의 정부지원금을 해당 부모에게 직접지원하도록 해주세요.,유치원 어린이집 및 보육원의 정부지원금을 해당 부모에게 직접지원하도록 해주세요.
6637,앞으로 업무상으로도 함께 협업할 기회가 많을것 같아 벌써부터 기대되고 든든합니다!!,앞으로 업무상으로도 이와 함께 협업할 기회가 많을것 같아 벌써부터 더욱 기대되고 든든합니다!!
6639,담배는 왜 불법이 아닌가요?,담배는 도대체 왜 불법이 아닌가요?
6646,ㅋㅋ 저 표정 왜저러죠 ㅋ.ㅋ ㅋㅋ,ㅋㅋ ㅋㅋ 저 표정 왜저러죠 ㅋ. ㅋ ㅋㅋ
6657,그러나 통제될 수 있다면 애초에 사랑이 아니다.,그러나 통제될 수 있다면 그건 애초에 사랑이 아니다.
6673,남북한 통일 표준시 통일을 서울표준시로 하는것을 다시 고려해 주세요,남북한 통일 표준시 통일을 서울표준시로 하는것을 다시 고려해 보아 주세요
6695,진짜 죽으란 법은 없군...,진짜 죽으란 그런 법은 없군...
6713,재능없는 감독이란 전혀 듣지 않는 마취약과 같다.,재능없는 감독이란 전혀 듣지 않는 마취약과도 같다.
6714,Pack을 만들지만 다른 기술군의 Pack이라 서로 다른 뷰를 공유하면서 이야기하는 시간이었던 것 같아요.,Pack을 만들지만 다른 기술군의 경우 Pack이라서 서로 다른 뷰를 공유하면서 이야기하는 시간이었던 것 같아요.
6715,와... 정말 한번 보세요.,와... 정말 한번 해 보세요.
6717,정의를 똑바로 알고 말하세요.,이 정의를 똑바로 알고 말하세요.
6734,사랑을 잊지 못하는 사람들에겐 추억과도 같은 영화..,사랑을 잊지를 못하는 사람들에겐 추억과도 같은 영화..
6739,도라에몽의 다른 시리즈와는 다르게 내용이 재미가 없다,도라에몽의 다른 시리즈와는 좀 다르게 내용이 재미가 없다
6742,은평자원순환센터(쓰레기 집하장) 건립 백지화 요구,은평자원순환센터 ( 쓰레기 집하장 ) 건립 계획 백지화 요구
6746,처음에는 이런 시스템이 전혀 없다가 만들어지는 모습을 지켜보니 너무 뿌듯하네요.,처음에는 이런 시스템이 아예 전혀 없다가 만들어지는 모습을 지켜보니 너무도 뿌듯하네요.
6753,만들어주신 배경 잘 쓰고 있습니다 ㅎㅎ,만들어주신 배경 잘 쓰고 있습니다. ㅎㅎ
6754,내일 산행 준비 중입니다.,내일은 산행 준비 중입니다.
6755,남북 과제의 최우선 항목 중 역사공동조사 부분을 꼭 포함하여 주세요.,남북 공동 과제의 최우선 항목들 중 역사공동조사 부분을 꼭 포함하여 주세요.
6768,소방진화용 드론 로봇좀 만들어 주시기 바랍니다.,소방진화용 드론 로봇좀 만들어 주시기를 바랍니다.
6771,혹시 모니터 있는 코워킹 스페이스나 공유오피스 아시는 분 있을까요???,혹시 혹시 모니터 있는 코워킹 스페이스나 공유오피스 아시는 분 있을까요???
6793,ㅋㅋ 아닠ㅋㅋ 제가 왜 대장이에옄ㅋㅋㅋ,ㅋㅋ ㅋㅋ 제가 왜
6795,아니 왜 시청률 점대냐고...,아니 왜 시청률이 점대냐고...
6800,일자리 창출에 대한 의견(국민주 해운회사설립),일자리 창출에 대한 노동계 의견 ( 국민주 해운회사설립 )
6804,T.T 간단한 수정인지는 제가 알지 못합니다;;;,T. T 간단한 수정인지는 아직 제가 알지 못합니다 ; ; ;
6820,와 이번건 난이도 높았다!!!!,와 이번건 난이도가 높았다!!!!
6821,저번에 보여주신 이동형 모니터가 어떤 제품이였죠?,그런데 저번에 보여주신 이동형 모니터가 어떤 제품이였죠?
6836,근로자의날 법정 휴일로 정해주세요...,. 근로자의날 법정 휴일로 정해주세요...
6854,법정공휴일을 근로자도 쉴 수 있도록 법정휴일로 지정해주시면 안되나요?,법정공휴일을 근로자도 편히 쉴 수 있도록 법정휴일로 지정해주시면 안되나요?
6873,아니 이렇게 재미없는걸 왜 재밌다고 하세요? 정말..,. 아니 이렇게 재미없는걸 왜 재밌다고 하세요? 정말..
6878,배슬기 보러 갔다가 잔뜩 실망..,배슬기 보러 갔다가. 잔뜩 실망..
6885,디자인 분야에 대해 아무것도 몰랐던 저에게 너무 많은 걸 알려주셨습니다!!,"디자인 분야에 대해 아무것도 몰랐던, 저에게도 너무 많은 걸 알려주셨습니다!!"
6891,꼭 성취감은 희생에서 이루어지는걸까.,왜 꼭 성취감은 희생에서 이루어지는걸까.
6901,대한항공 비리 철저히 수사하여 처벌하여 주시고 경영에서 퇴진시켜주세요,제발 대한항공 비리 철저히 수사하여 처벌하여 주시고 경영에서 퇴진시켜주세요
6905,ㅋㅋ 로우라이즠ㅋㅋㅋ ㅎㅎ 생각보다 이거 고민하게 되는 문제네옄ㅋㅋ,ㅋㅋ ㅎㅎ 근데 생각보다 이거 고민하게 되는
6912,"아 진짜.. 류덕환, 안내상 콤비 쵝오~!!!!","아, 진짜.. 류덕환, 안내상 콤비 ~!!!!"
6918,"시간이 조금 지났지만, 7월의 회식 공유드려봅니다!","시간이 조금 지났지만, 7월의 회식을 공유드려봅니다!"
6925,오…! 이사를 빨리 가야겠네요ㅋㅋ,오 …! 이사를 빨리 하고 가야겠네요ㅋㅋ
6926,한니발은 그냥조연인데 나름 괜찮았다.,"한니발은 그냥조연인데, 나름 괜찮았다."
6930,앞으로도 같이 즐겁게 일해보아요 (사진 아놔놔..ㅋㅋ,) 앞으로도 같이 즐겁게 일해보아요 ( 사진 아놔놔.. ㅋㅋ
6937,이날 이시간에 차에서 이동중이 참석 못해서 넘나리 아쉬웠습니다 ㅠㅠ,이날도 이시간에 차에서 이동중이 참석 못해서 넘나리 아쉬웠습니다 ㅠㅠ
6939,제발 성범죄 처벌을 가중해 주세요,제발 성범죄의 처벌을 가중해 주세요
6943,그냥 아무생각 없이 보면 잼쎠요 ㅋㅋㅋ,그냥 아무생각 없이 보면서 ㅋㅋㅋ
6945,시간날때 각 제품들 살펴봐야 겠네요..,시간날때 각 제품들 살펴봐야 하 겠네요..
6948,부모님 댁으로 받았는데 너무 맛있다고 하셔요!! ㅎㅎㅎ,부모님 댁으로 받았는데 너무 맛있다고들 하셔요!! ㅎㅎㅎ
6955,이명박근혜보다도 더 소통이 안되는것 같아요.,솔직히 이명박근혜보다도 더 소통이 안되는것 같아요.
6960,북미정상회담은 반드시 판문점 또는 서울에서 개최를 해야한다,북미정상회담은 이때 반드시 판문점 또는 서울에서 개최를 해야한다
7005,"마음 건강을 위한 '진단, 예방, 긴급 대응' 사회적 시스템 가동","환자 마음 건강을 위한'진단, 예방, 관리 긴급 대응'사회적 시스템 가동"
7009,제가 최근에 듄을 봐서 듄 추천 이야기와 저희 곧 함께 갈 클라이밍 이야기 나누었습니다,제가 최근에 듄을 많이 봐서 듄 추천 이야기와 저희가 곧 함께 갈 클라이밍 이야기 나누었습니다
7018,어머 저도 그 자리에 있었는데...,"어머, 저도 그 자리에 있었는데..."
7022,다른 나라들에 비해서 높은 수준이라고…,다른 나라들에 비해서도 높은 수준이라고 …
7027,그 시절이 가끔 그리울때도 있다.,물론 그 시절이 가끔 그리울때도 있다.
7036,도움을 주시면 더더욱 감사합니다 ㅎㅎ ),도움을 주시면서 더더욱 감사합니다 ㅎㅎ )
7041,이제야 이렇게 환영에 인사를 남기네요.,이제야 이렇게 이렇게 환영에 인사를 남기네요.
7055,에이스침대 본사의 갑질로 파멸한 대리점주의 억울한 사연,에이스침대 본사의 갑질로 파멸한 한 대리점주의 억울한 사연
7059,담에 날 좋은 날 또 오고싶네요-!,담에 이런 날 좋은 날 또 오고싶네요 -!
7089,와우? ㅋㅋ 진짜 믿고 싶어지는 루머네요,와우? ㅋㅋ 진짜 믿고 보고 싶어지는 루머네요
7090,아동학대 예방을 위한 제도 개선 필요,아동학대 예방을 위한 관련 제도 개선 필요
7092,오 대박대박!! 먹어볼 사람 필요하면 언제든 불러주세요.. ㅋㅋ,오 대박대박!! 먹어볼 사람 필요하면 꼭 언제든 불러주세요.. ㅋㅋ
7093,ㅋㅋ사진이 제가 메인이 되었네요 ㅋㅋㅋ,ㅋㅋ사진이 제가 메인이가 되었네요 ㅋㅋㅋ
7095,공매도 요건 강화 부탁입니다.,공매도 금지 요건 강화 부탁입니다.
7100,전부 최악 이라고 하더군요,이게 전부 최악 이라고 하더군요
7107,최대한 닮은 꼴로 찾음…. ㅋㅋ,최대한 닮은 꼴로 찾음 ….. ㅋㅋ
7125,화수분… 맞으신거죠? 화생방 .. 뭐 그러신거 아니시죠 ㅎㅎ,화수분 … 맞으신거죠? 화생방.. 뭐라 그러신거 아니시죠 ㅎㅎ
7130,장기입원환자는 왜 건강보험적용을 받지못합니까?,그럼 장기입원환자는 왜 건강보험적용을 받지못합니까?
7133,다음에 만날 일 생길 때 열심히 따라가 보겠습니다 .. ㅎㅎ,다음에 다시 만날 일 생길 때는 열심히 따라가 보겠습니다.. ㅎㅎ
7137,대중의 힘을 보여주어야 합니다.,대중의 새로운 힘을 보여주어야 합니다.
7142,이젠 하다하다 영화 제목까지 카피하네;,; 이젠 하다하다 영화 제목까지 카피하네 ;
7143,늘 같아 보이지만 늘 새것인…와,늘 같아져 보이지만 늘 새것인 … 와
7145,가끔 찡하고 싶으실 때 추천!,가끔 찡하고 싶으실 때도 추천!
7150,대학원생 인건비 착취등에 대한 대학교수의 비리에 대해 국가적 전수조사를 요청합니다.,대학원생 인건비 착취등에 대한 대학교수의 비리에 대해 국가적 전수조사를 위해 강력히 요청합니다.
7166,막상 해보면 잘하실 수도 있는 거니까요!!,막상 해보면 잘하실 분 수도 있는 거니까요!!
7169,그리고 잊고 살았던 재태크에 대해 일깨웠던 정말 유익한 시간이었습니다.. ㅎㅎ,ㅎㅎ 그리고 잊고 살았던 재태크에 대해 새삼 일깨웠던 정말 유익한 시간이었습니다.. ㅎㅎ
7172,근로자퇴직급여 보장법 시행령 일부개정안에 대한 의견,근로자퇴직급여 보장법 시행령 일부개정안에 대한 전문가 의견
7176,너무 이상해서 끝까지 보게는 된다.,너무 이상해서 그냥 끝까지 보게는 된다.
7177,아이들 그리고 부보님 그리고 그 시절을 보냈던 모든 사람들에게 강추한다~!!!,아이들 그리고 부보님 그리고 그 시절을 보냈던 나의 거의 모든 사람들에게 강추한다 ~!!!
7202,헉 저는 소식 듣고 들어가자마자 마감 ㅠ,헉! 저는 소식 듣고 들어가자마자 마감 ㅠ
7207,동경 혹은 질투.시기을 너무 아름답게 그리고 담담하게 흐르듯이 그려낸 영화,"동경 혹은 질투. 시기을 너무 아름답게, 그리고 담담하게 물 흐르듯이 그려낸 영화"
7209,우와아 저도 포디움!! 마지막 동메달 가져갑니다:),우와아 저도 포디움!!! 마지막 동메달 가져갑니다 : )
7212,다시보기에서 봤는데 몇날 며칠동안 울기만했음,다시보기에서 봤는데 몇날동안 며칠동안 울기만했음
7216,듣는 것뿐 아니라 하는 것도 좋아하신 다고 해요.,듣는 것뿐만 아니라 하는 것도 좋아하신 다고 해요.
7217,음성군 음성읍 평곡리LNG발전소 유치 반대!!,음성군 음성읍 평곡리LNG발전소 유치에 반대!!
7239,으억…… 너무너무너무 약소해서 민망하네요.,으억 … … 너무너무너무 약소해서 너무 민망하네요.
7240,갑작스러운 질문에 많이 당황하셨을텐데 비즈니스 커뮤니케이션 뿐만 아니라 커리어를 쌓는 방법까지 인사이트 넘치는 답변을 주셔서 너무나 감사했습니다.,갑작스러운 질문에 정말 많이 당황하셨을텐데 비즈니스 커뮤니케이션 능력 뿐만 아니라 커리어 커리어를 쌓는 방법까지 인사이트 넘치는 답변을 주셔서 너무나 감사했습니다.
7250,이거 10분이상 끼고 있기가 힘들더라고요. ^^,이거 10분이상 끼고 있기가 힘들더라고요.. ^ ^
7253,역시 어떻게 찍었는지 궁금할 뿐...,나 역시 어떻게 찍었는지 궁금할 뿐...
7256,어제 들어오신 핫하신 분을 뵙니 좋네요.,오늘 어제 들어오신 핫하신 분을 뵙니 좋네요.
7269,공매도 제도 폐지해 주세요,공매도 제도를 폐지해 주세요
7275,최저임금으로 인해 거지가 되는 청년들 및 사회 취약층 왕따 양산이 있읍니다.,최저임금으로 인해 평생 거지가 되는 청년들 청소년 및 사회 취약층 왕따 양산이 있읍니다.
7285,분양가 보다 떨어진 집값에 대한 대책은 무엇인지,분양가 보다 떨어진 집값에 대한 부동산 대책은 무엇인지
7291,1차선 막는 저속차량 차선단속 좀 해주세요,1차선 막는 저속차량 차선단속 좀 잘 해주세요
7292,때 마침 제가 즐겨보는 유튜브 채널에서도 모닝 루틴을 찾는 영상이 올라왔더라구요!,"때 마침, 제가 즐겨보는 유튜브 채널에서도 모닝 모닝 루틴을 찾는 영상이 올라왔더라구요!"
7295,요즘 데이터를 수집하시느라고 고생하시는데 너무 공감이 가는 어려움이었어요..ㅎㅎ,요즘 데이터를 수집하시느라고 고생하시는데 너무 많이 공감이 가는 어려움이었어요.. ㅎㅎ
7297,앞으로 핵심가치를 세워가는 과정에 여러분의 생각 잘 담길 수 있도록 하겠습니다.,앞으로도 핵심가치를 세워가는 과정에 여러분의 핵심 생각 잘 담길 수 있도록 하겠습니다.
7307,나중에 한국 오시면 원포인트 레슨 부탁드립니다…!!,그럼 나중에 한국 오시면 원포인트 레슨 부탁드립니다 …!!
7316,간이과세 제외업종 미용업(네일) 간이과세 적용시켜주세요,네일 간이과세 제외업종 미용업 ( 네일 ) 간이과세 적용시켜주세요
7319,ㅋㅋㅋ 저 놀아야하는 시기가 왔나봐요..,ㅋㅋㅋ 저도 놀아야하는 시기가 왔나봐요..
7321,MBTI는 정 반대였습니다. ㅋㅋㅋ,MBTI는 정 반대였습니다.. ㅋㅋㅋ
7323,용광로나 조선소에서의 씬은 사람을 긴장하게 만들더군요..,용광로나 조선소에서의 스틸 씬은 사람을 긴장하게 만들더군요..
7333,운전 면허 허점에 대해서...,운전 면허의 허점에 대해서...
7341,비슷해보인다고 할 수 있는 회사네요.,좀 비슷해보인다고 할 수 있는 회사네요.
7346,일자리예산은 이제 그만! 현재 중소기업 재직중인 청년입니다.,일자리예산은. 이제 그만! 현재 중소기업 재직중인 청년입니다.
7351,고영주의 의도에 대해서 왜 그렇게 관대한지.,이런 고영주의 의도에 대해서 왜 그렇게 관대한지.
7352,같은 이름 다른 몰입도......,같은 이름 이름 다른 몰입도......
7353,오오.. 사계면 코앞인데 가봐야겠습니다ㅎㅎㅎ,오오.. 사계면 코앞인데 꼭 가봐야겠습니다ㅎㅎㅎ
7354,지금 kt 인터넷에 이상이 있다고 합니다!,지금 kt 인터넷에 하나 이상이 있다고 합니다!
7356,오홍 ㅋㅋㅋ 데스커 지금 세일해서 43만원에 겟했어요 ㅎ.ㅎ ㅋㅋ,오홍 ㅋㅋㅋ 데스커 지금 세일해서 43만원에 겟했어요 ㅎ. ㅎ. ㅋㅋ
7372,별로 개연성도 없고... 영화 한 편을 봤는데 두 편 본거 같다. 그것도 재미없는 영화 두편,별로 개연성도 없고... 영화 한 편을 봤는데 두 두 편 본거 같다. 그것도 참 재미없는 영화 두편
7379,"어설픈 오버 장지환 , 국어책 장근석 비추 ~","어설픈 게임 오버 장지환, 국어책 장근석 비추 ~"
7380,ㅋㅋ 오 안해봤는데 좋습니당!,! ㅋㅋ 오 안해봤는데 좋습니당!
7393,소름듣는 대사와..연출..연기...올드보이 인생 여러합작의 진품!!강추!!,. 소름듣는 대사와.. 연출.. 연기... 올드보이 인생 여러합작의 진품!! 강추!!
7395,물류쪽에서 일하는 사람도 쉬고 싶습니다.,물류쪽에서 일하는 한 사람도 쉬고 싶습니다.
7398,버피 100이 되어야 할듯 한데.,버피 100이 되어야 할듯도 한데.
7404,여하튼 모두 몸 건강하시기 바랍니다!,! 여하튼 모두 몸 건강하시기 바랍니다!
7408,용산 전쟁기념관의 이름을 전쟁 역사관으로 바꿔주세요.,용산 전쟁기념관의 이름을 전쟁기념 역사관으로 바꿔주세요.
7410,저도 처음에 이거하는데 몇개월 걸린..ㅋㅋㅋ,저도 처음에 이거하는데 몇개월이 걸린.. ㅋㅋㅋ
7421,신재생에너지 발전설비(태양광) 자격증 활성화 요청,신재생에너지 발전설비 ( 태양광 ) 관련 자격증 활성화 요청
7422,저도 1년 정도 여러가지 시도들을 해 봤어요..,저도 1년 정도 여러가지 시도들을 해 해 봤어요..
7426,저도 귤좀 주십시요 ..........,저도 귤좀 주십시요...........
7428,한국 공군은 대체 왜 지원한걸까,그런데 한국 공군은 대체 왜 지원한걸까
7449,땅이 촉촉한 것을 보니 올해 농사가 잘되겠네요.,땅이 촉촉한 그런 것을 보니 올해 농사가 잘되겠네요.
7450,나름 정성 들임.. .ㅋㅋ,나름 정성 들임.... ㅋㅋ
7454,오오와아아 사진 진짜 고퀄이예요!!,오오와아아 사진 진짜 완전 고퀄이예요!!
7461,"법무부, 금융감독원 가상화폐 관련 은행계좌 조사 요청합니다.","법무부, 금융감독원 가상화폐 관련 은행계좌 조사를 요청합니다."
7463,12월에 출범하는 인터넷BJ 정책협의체에 관하여,매년 12월에 출범하는 인터넷BJ 정책협의체에 관하여
7464,저도 반대 니즈가 있어 잠깐 얘기가 오갔지만.. 쉽게 답을 찾지는 못했네요~~,저도 반대 니즈가 좀 있어 잠깐 얘기가 오갔지만.. 쉽게 그 답을 찾지는 못했네요 ~ ~
7467,저도 가면 받고싶어졌는데 어른은 왜 안주나요?,저도 가면 받고싶어졌는데 어른은 또 왜 안주나요?
7472,주민센터 등 지방자치단체 근무 공무원들 이름표 달고 근무하게 해 주세요.,주민센터 등에 지방자치단체 근무 공무원들 이름표 달고 근무하게끔 해 주세요.
7481,견자단거 보고 와서 바로 감상평 쓴다.,견자단거 보고 와서 바로 감상평을 쓴다.
7489,마틴 스콜세지 감독 작품 찾는데 왜 자꾸 이게 뜨는거지,마틴 스콜세지 감독 작품 찾는데 왜 이렇게 자꾸 이게 뜨는거지
7493,저는 매주 일요일 오전 10시에 갑니다!!,저는 이제 매주 일요일 오전 10시에 갑니다!!
7503,불리고 싶은 닉네임이 활용되지 않을 수 있음,불리고도 싶은 닉네임이 활용되지 않을 수 있음
7511,진솔하게 다양한 피드백을 주셔서 내년을 준비하는 데에도 많은 도움이 될 것 같습니다.,"진솔하게 다양한 피드백을 주셔서, 특히 내년을 준비하는 데에도 많은 도움이 될 것 같습니다."
7515,“색상이 있는게 좋다!” 하시는 분들은 1번,“ 색상이 있는게 더 좋다! ” 하시는 분들은 1번
7518,대한민국 자존심 회복을 위한 스웨덴과의 스포츠대결 제안,대한민국 자존심 회복을 다지기 위한 스웨덴과의 스포츠대결 제안
7538,꼭 가족만이 정답일 필요는 없는 것 같다.,꼭 한 가족만이 정답일 필요는 없는 것 같다.
7543,생존 가능한 수면을 취할 수 있는 시간을 주세요.,생존이 가능한 수면을 취할 수 있는 시간을 주세요.
7551,우왕 점수차 벌리며 1등!!!,우왕! 점수차 벌리며 1등!!!
7559,정말 재미난 이야기들을 나누실 수 있을 것 같아요~~!,정말 재미난 이야기들을 나누실 수 있을 것 것 같아요 ~ ~!
7564,작은 건데 참 설레게 만드는~,작은 건데 ~ 참 설레게 만드는 ~
7578,다른 분들은 5키로 7분땡으로 클리어하셨습니다.,다른 분들은 5키로를 7분땡으로 클리어하셨습니다.
7580,12월에 한 번 더 맛있는 거 먹자고 이야기하며 마무리하였습니다!,12월에 한 번 더 더 맛있는 거 먹자고 이야기하며 마무리하였습니다!
7582,"파견직, 도급직, 비정규집 불법하도급 특별 단속 하시기 바랍니다","파견직, 도급직, 비정규집 불법하도급 특별 단속 하시기를 바랍니다"
7604,김정은이의 선처에 의한 평화~ 기똥찹니다. !!,~ 김정은이의 선처에 의한 평화 ~ 기똥찹니다.!!
7610,그리고 대학생들이 어디 시골가서 찍은 느낌..,그리고 대학생들이랑 어디 시골가서 찍은 느낌..
7612,공정거래위원회는 인원보강요청과 누구를 위한 기관인지요?,공정거래위원회는 인원보강요청과 함께 누구를 위한 기관인지요?
7622,아.. 이걸 왜 이제야 봤을까요..,아... 이걸 왜 이제야 봤을까요..
7623,생명의 위협을 받았던 걸까?,생명의 위협을 받았던 건 걸까?
7625,국회의원의 꼼수에 분노합니다. (월급 인상 반대!),국회의원의 꼼수에 분노합니다. ( 월급 대폭 인상 반대! )
7631,ㅋㅋ 커피는 성공적으로 먹었습니다...,ㅋㅋ. 커피는 성공적으로 먹었습니다...
7634,형사에겐 디저트가 없다'하고는 또다른 재미가 있네....,형사에겐 디저트가 없다'하고는'또다른 재미가 있네....
7637,첫번째 사진은 AI 모델러가 아니라 그냥 모델 같으십니다ㅎㅎ,첫번째 사진 사진은 AI 모델러가 아니라 그냥 모델 같으십니다ㅎㅎ
7651,"퇴직금 중간 정산, 반드시 받을 수 있게 개선하라.","퇴직금 중간 중간 정산, 반드시 받을 수 있게 개선하라."
7662,b급 영화는 이렇게 만드는 거다!,b급 영화는 그냥 이렇게 만드는 거다!
7663,"해외 직구인데도 2, 3일 정도 만에 와서 저렴하게 살 수 있대용","물론 해외 직구인데도 2, 3일 정도 하루 만에 와서 저렴하게 살 수 있대용"
7671,욕과 선정성으로만 대중을 잡을 수는 없다.,욕과 선정성으로만으로 대중을 잡을 수는 없다.
7676,주제는 달랐지만 케빈에대하여 보면서 이 영화가 생각났음.,주제는 달랐지만 케빈에대하여 보면서 이 영화가 문득 생각났음.
7680,랄프 파인즈 나와서 좋은거 빼고는 잉글리쉬 페이션트아류작 같아서 실망,랄프 파인즈 나와서 좋은거 빼고는 잉글리쉬의 페이션트아류작 같아서 실망
7694,오랜만에 모델 관련 토크를 했더니 참 재밌었습니다.,오랜만에 모델 관련 토크를 했더니 참 너무 재밌었습니다.
7704,제 픽도 밥솥에 들어간거요!!!,제 픽도 이 밥솥에 들어간거요!!!
7707,팔지 않으면 손실이 아닙니다 ..!,팔지 않으면 손실이 이만저만 아닙니다..!
7711,어린이집 원장이 보육교사 겸임을 못하게 해주세요.,어린이집 원장이 직접 보육교사 겸임을 못하게 해주세요.
7712,꼭 좀 봐주세요. 온라인상 댓글 관련 청원입니다.,꼭 좀 봐주세요. 이건 온라인상 댓글 관련 청원입니다.
7713,저는 키가 커서 거의 끝에서 끝까지 올렸다가 내려야 함;;,저는 키가 너무 커서 거의 끝에서 끝까지 올렸다가 내려야 함 ; ;
7716,모든 것을 내려놓고 보면 된다.,모든 것을 다 내려놓고 보면 된다.
7724,차세대 인식기 넘 멋진 말이네요..,차세대 인식기가 넘 멋진 말이네요..
7737,허벅지 근육량은 정말 중요합니다.,허벅지의 근육량은 정말 중요합니다.
7742,오 저 이거 사고 싶은데 어떤가요...!!,오 저 이거 좀 사고 싶은데 어떤가요...!!
7749,아 세상에… 저런 오븐이라니…세상에…이 영상 힐받네요..!!,아 세상에 … 이 저런 오븐이라니 … 세상에 … 이 영상 힐받네요..!!
7759,분당-강남역-서울역 연결해주었던 1005-1 심야 시간 부활 부탁드립니다!,분당 - 강남역 - 서울역을 연결해주었던 1005 - 1 심야 시간 부활 부탁드립니다!
7761,잔잔함속에 커다란 삶의 꿈틀거림이느껴진다,잔잔함속에 커다란 삶의 힘찬 꿈틀거림이느껴진다
7767,이렇게 또 우리 회사 웨이 교육받고 갑니다...,이렇게 또 다시 우리 회사 웨이 교육받고 갑니다...
7775,어차피 저희 둘은 만날거니까.. ㅎ,어차피 저희들 둘은 만날거니까.. ㅎ
7784,문재인씨 올림픽을 남북올림픽으로 변질시킬겁니까??,문재인씨 올림픽을 남북올림픽으로 어떻게 변질시킬겁니까??
7789,오호 스피커의 힘?! ㅎㅎ,오호 ~ 스피커의 힘?! ㅎㅎ
7791,"일본식.. 고스트.. 아니, 일본판 식스센스~!","일본식.. 고스트... 아니, 일본판 식스센스 ~!"
7792,인천공항공사 신임 사장 취임 건 -낙하산 인사-,인천공항공사 신임 사장에 취임 건 - 낙하산 인사 -
7793,담엔 전사 공지 한 번 떄려주세요!!,담엔 전사 관련 공지 한 번 떄려주세요!!
7801,이거 먼 영화임 ㅡㅡ,이거 먼 영화임. ㅡㅡ
7803,영업용 넘버 규제에서 풀어 주세요,영업용 넘버원 규제에서 풀어 주세요
7804,관련 논의나 컨소시엄 구축에도 저희가 참여할 수 있으면 좋을것 같습니다,관련된 논의나 컨소시엄 구축에도 저희가 참여할 수 있으면 좋을것도 같습니다
7813,언젠가 꼭 즐거운 취미 생활에 정착하게 되면 서로에게 알려주기로하며 마무리했습니다!,언젠가 꼭 즐거운 즐거운 취미 생활에 정착하게 되면 서로에게 잘 알려주기로하며 마무리했습니다!
7817,왜 군필자 남성들은 군대가는게 당연한 것인가요??,왜 군필자 남성들은 군대가는게 그렇게 당연한 것인가요??
7826,"주인공들 사이의 발전에 개연성도 떨어지고 화면, 내용이 여러 영화의 짜집기 같다.","주인공들 사이의 관계 발전에 개연성도 떨어지고 화면, 내용이 여러 영화의 마치 짜집기 같다."
7827,저는 카누 들고 가겠습니다!! ㅋㅋ,저는 카누 들고 가겠습니다!!! ㅋㅋ
7830,단체 촬영을 도와주실 분을 구함니다...!!!,. 단체 촬영을 도와주실 분을 구함니다...!!!
7834,"공정한 나라, 공정한 기회를 위한 나라장터 입찰 시스템을 개선해 주세요.","공정한 나라, 공정한 입찰 기회를 위한 나라장터 입찰의 시스템을 개선해 주세요."
7838,살의 나를 만난다면 난 무슨 말을 해줄 수 있을까...,살의 나를 만난다면 난 무슨 말을 해줄 알 수 있을까...
7839,어린이집 CCTV실시간 모니터링 가능하게 해주세요,어린이집 CCTV실시간을 모니터링 가능하게 해주세요
7841,왜 공공기관의잘못을 우리가 뒤집어 써야 합니까?,왜 공공기관의잘못을 우리가 뒤집어 써야만 합니까?
7846,1년의 회계연도를 변경할 수 있을까요?,과연 1년의 회계연도를 변경할 수 있을까요?
7854,대박… 조만간 꼭 갑니다….ㅋㅋ,대박 … 조만간 꼭 한국 갑니다 …. ㅋㅋ
7859,오늘 점심에 <PERSON> 님과 1:1 식사를 했습니다.,오늘 점심에 < PERSON > 님과 1 : 1로 식사를 했습니다.
7860,대한민국 경찰님들은 참 편하고 안전하게 일하시는것 같다,대한민국 경찰님들은 참 마음 편하고 안전하게 일하시는것 같다
7865,넵! 지금 한 분이 답을 안주셔서 기다리고 있었는데요!,넵! 지금 딱 한 분이 답을 안주셔서 기다리고 있었는데요!
7871,앗 취소하라고 하셔서 취소했습니다..!,앗 취소하라고 말씀 하셔서 취소했습니다..!
7873,번호판 판매의혹.. 과연 우연일까요?,번호판 불법 판매의혹.. 과연 우연일까요?
7877,그때 고생하신거 만큼 지금 더 많이 웃고 즐거운 날들이길 바라봅니다! ㅎㅎ,그때 고생하신거 만큼 지금은 더 많이 웃고 즐거운 날들이길 바라봅니다!! ㅎㅎ
7878,저희 뿐만 아니라 비슷한 고민을 하시는 분들 모두 파이팅 하셨으면 좋겠습니다!!! ㅋㅋㅋ,저희 뿐만이 아니라 비슷한 고민을 하시는 분들 모두 파이팅 하셨으면 좋겠습니다!!!! ㅋㅋㅋ
7881,저도 운전하다가 소 떼 만난 적 있는데..,저도 운전하다가 소떼 떼 만난 적 있는데..
7893,혹시 오늘 상현 사무실에서 근무하시는 분 계실까요오?,혹시 오늘 상현 사무실에서 근무하시는 분들 계실까요오?
7894,성범죄 친고죄 부활을 요청합니다,성범죄 친고죄 부활을 강력히 요청합니다
7923,"영덕 수해지역 도와주시고, 특별재난지역 선포 검토해주세요!!","- 영덕 수해지역 도와주시고, 특별재난지역 선포 검토해주세요!!"
7932,화가 좀 많이 나는군...,화가 좀 많이 안 나는군...
7936,ㅋㅋ 아이고 잠이 확 깨네요 다른 분들도 좋은 사진 많으시던데…,ㅋㅋ 아이고 잠이 확 깨네요 다른 분들도 참 좋은 사진이 많으시던데 …
7947,혹시 그때도 사무실 계실까요?,혹시 그때도 사무실에 계실까요?
7949,전화로 하는 선거 유세좀 없애주세요.,전화로 하는 선거 유세좀 제발 없애주세요.
7955,둘이 봉인을 어디서 뜯으려나... 하하하,둘이 봉인을 어디서 뜯으려나.... 하하하
7980,시도는 좋았지만 결 국 ... 졸작!,시도는 좋았지만 결 국.... 졸작!
7986,기대안하고 그냥 웃길줄만 알고 봤는데 코미디 멜로 진짜 좋은 작품입니다..,기대안하고 그냥 웃길줄만 알고 봤는데 코미디랑 멜로 진짜 너무 좋은 작품입니다..
7995,여성가족부 폐지하면 저출산문제가 해결될 것 같습니다.,일단 여성가족부 폐지하면 저출산문제가 해결될 것 같습니다.
8001,공익사업 개발은 무엇을 위한것입니까?,공익사업 개발은 과연 무엇을 위한것입니까?
8003,근데 인형이 너무 귀엽네요! 코알라라니!!,근데 인형이 너무 귀엽네요!! 코알라라니!!
8004,이런 일이 일반화되면 국가의 그 어느 구석에도 희망은 없다.,이런 식의 일이 일반화되면 국가의 그 어느 구석에도 희망은 없다.
8020,"단순히 높이 가자는 것만 의미하는게 아닌, 상생과 회복의 의미 또한 지니고 있습니다.","단순히 더 높이 가자는 것만 의미하는게 아닌, 상생과 회복의 의미 또한 지니고는 있습니다."
8031,안희정 조사는 정말 부끄러운 대한민국 총체적인 부실을 보여준다.,안희정 조사는 정말이지 부끄러운 대한민국 총체적인 부실을 보여준다.
8032,"폼은 납니다만 , 납득안가는 몰입도가 설정의 진부함을 느끼게 해준다.","폼은 납니다만, 납득안가는 몰입도가 오히려 설정의 진부함을 느끼게 해준다."
8042,링피트 이야기에서 추측할 수 있듯이,링피트의 이야기에서 추측할 수 있듯이
8047,오.. 다들 너무 잘 나오셨네요. ~! !,오.. 다들 너무 잘 나오셨네요. ~ ~!!
8065,모두 주말 동안 잘 쉬셨나요?!,모두 주말 동안 잘 안 쉬셨나요?!
8070,군중심리학 이라는 스테이지인데 못깨고 있어요... ㅋㅋ,ㅋㅋ 군중심리학 이라는 스테이지인데 못깨고 있어요... ㅋㅋ
8086,30세 이상 여성 취업자 보조금 지급해주세요,30세 이상 여성 취업자에 보조금 지급해주세요
8118,KBS 수신료를 폐지시켜 주십시오.,KBS 수신료를 폐지시켜 주어 주십시오.
8127,시청한 후에 내내 시대적배경을 알고 싶어 인터넷을 헤메고 다녔다~~~,시청한 후에 내내 시대적배경을 알고는 싶어 인터넷을 헤메고 다녔다 ~ ~ ~
8134,평소 용재 오닐씨를 많이 좋아해서 관심있게 봤는데 너무 감동이었어요!!,평소 용재 오닐씨를 많이 좋아해서 관심있게 많이 봤는데 너무 감동이었어요!!
8153,DisplayLink 라는 기술을 이용하면 여러 외장 모니터를 사용할 수 있습니다.,또한 DisplayLinks 라는 기술을 이용하면 여러 외장 모니터를 사용할 수 있습니다.
8155,김성태의원 폭행범 징역1년은 너무 심합니다,나경원 김성태의원 폭행범 징역1년은 너무 심합니다
8157,"조두순 출소를 반대하고,무기징역을 찬성합니다.","조두순 출소를 강력히 반대하고, 무기징역을 찬성합니다."
8166,"DMZ 구역의 가치를 역사에 남길 수 있도록 무분별한 개발을 제지하고, 생물권을 보존해주세요.","DMZ 구역의 가치를 우리 역사에 남길 수 있도록, 무분별한 개발을 제지하고, 생물권을 보존해주세요."
8176,"공직선거법 제47조 3,4,5항의 폐지를 요구합니다.","공직선거법 제47조 3, 4, 5항의 폐지를 강력히 요구합니다."
8180,1가구1주택 보유세 중과 반대,1가구1주택자 보유세 중과 반대
8184,나중에 같이 뛰시자고도 제안하셨지만 뭔가 제가 뛰다가 쓰러지지 않을까 걱정이 들었네요....,나중에 같이 뛰시자고도 제안하셨지만 뭔가. 제가 뛰다가 갑자기 쓰러지지 않을까 걱정이 들었네요....
8196,"아동, 청소년 대상 성범죄의 처벌과 절차에 관한 특례법 형량 기준을 높이는것에 청원합니다.","아동, 청소년 대상 성범죄의 처벌과 절차에 이에에 관한 특례법 형량 기준을 높이는것에 청원합니다."
8222,진짜 벌목한 나무가 아깝다,진짜로 벌목한 나무가 아깝다
8223,오... 의자 이게 진짜 중요한게 맞긴 한 것 같아요,오... 의자 이게 진짜 중요한게 좀 맞긴 한 것 같아요
8227,요즘 이상한 사람이 많은데...,. 요즘 이상한 사람이 많은데...
8228,"장애인 전용 주차장을 없애주세요,","장애인 전용 주차장을 제발 없애주세요,"
8243,오늘 텃밭의 수확이 좀 좋았다고 합니다…,그런데 오늘 텃밭의 수확이 좀 좋았다고 합니다 …
8250,이거 바로 사용 중 ㅋㅋ,이거 바로 지금 사용 중 ㅋㅋ
8254,이명박 전대통령의 출국을 금지시켜주십시오.,이명박 전대통령의 출국을 엄격히 금지시켜주십시오.
8271,돗수리 형제 짱!!!!!!ㅋㅋㅋ보고 싶다 보고싶다.,우리 돗수리 형제 짱!!!!!! ㅋㅋㅋ보고 싶다 보고싶다.
8273,군부대에서 간부가 일반병사를 이유없이 수차례 폭행했습니다.,한 군부대에서 간부가 일반병사를 이유없이 수차례 폭행했습니다.
8275,다들 당근 들고계신게 너무 귀엽군욬ㅋㅋ,다들 다 당근 들고계신게 너무
8278,혹시 해결 방법을 아시는 분이 계신가요?,혹시 해결할 방법을 아시는 분이 계신가요?
8279,글쎄요... 옛날이나 지금이나 쫌 이상..,글쎄요... 옛날이나. 지금이나 쫌 이상..
8296,지금이라도 알게 되고 느낄 수 있어서 다행이라는 행복감을 준 무척 좋은 영화입니다.,지금이라도 알게 되고 느낄 수는 있어서 다행이라는 듯 행복감을 준 무척 좋은 영화입니다.
8318,부정경쟁방지 및 영업비밀보호 처벌 강화 해주세요,부정경쟁방지법 및 영업비밀보호 처벌 강화 해주세요
8329,최근에 알게 된 유소년 합창단입니다.,최근에 알게 된 유소년 축구 합창단입니다.
8335,와 근데 자리가 바뀐것 같아요 ㅋㅋ,와 근데 자리가 많이 바뀐것 같아요 ㅋㅋ
8341,숨도 안쉬고 끝까지 봤는데 ...,숨도 안쉬고. 끝까지 봤는데...
8346,"주52시간 근무제도가 아무런 소용이없고, 더 고통받고있습니다.","주52시간 근무제도가 아무런 아무런 소용이없고, 더 고통받고있습니다."
8353,어린이집 대출건에 대하여 대출이자 부적절 사용지방재정법위반으로 형사처벌원합니다,해당 어린이집 대출건에 대하여 대출이자 부적절 사용지방재정법위반으로 형사처벌원합니다
8377,건강 보험료 관련되어 질문이 있습니다!,건강 보험료 관련되어서 질문이 있습니다!
8388,그것은 운명의 데스티니.. 바람의 윈드.. 사막의 데저트… ㅎㅎㅎ,그것은 운명의 데스티니.. 바람의 윈드.. 사막의 데저트 … … ㅎㅎㅎ
8391,애들보는 에니중 재미없던 영화는 없었어요. 이 영화 빼고~,애들보는 에니중 재미없던 영화는 없었어요. 근데 이 영화 빼고 ~
8403,정말 시간적 여유가 더 있었다면 더 높은 점수를 획득할 수 있었을것 같은데 아쉽네요.,"정말, 시간적 여유가 더 많이 있었다면 더 높은 점수를 획득할 수 있었을것 같은데 아쉽네요."
8408,횡단보도에서 오토바이의 무분별한 운행을 차단해주시기 바랍니다.,부디 횡단보도에서 오토바이의 무분별한 운행을 차단해주시기 바랍니다.
8413,혹시 이모티콘 원본들은 어디서 구할 수 있을까요?,혹시 이모티콘 원본들은 어디서 구할 수는 있을까요?
8416,오오... 마트에서 보고 궁금했는데 도전해봐야겠네요 ㅎㅎㅎ,오오... 마트에서 보고 궁금했는데 도전해봐야겠네요. ㅎㅎㅎ
8426,저는 뮤직비디오 보는 것도 좋아하는데 이번 있지의 뮤직비디오가 엄청 잘 나왔네요.,사실 저는 이 뮤직비디오 보는 것도 좋아하는데 이번 있지의 뮤직비디오가 엄청 잘 나왔네요.
8428,흰둥이 식구는 더 웃기고... ㅋㅋ,흰둥이 식구는 오히려 더 웃기고... ㅋㅋ
8430,공정거래위원회는 누구를 위한 위원회인가?,현재 공정거래위원회는 누구를 위한 위원회인가?
8433,앜ㅋㅋ아쉽게도 어려서부터 운동을 기피해와서...,. 어려서부터 운동을 기피해와서...
8444,국세청 사이트에 이런 안내문이 떴네요.,국세청 인터넷 사이트에 이런 안내문이 떴네요.
8448,미래를 위해 소년법 폐지해주세요,미래를 찾기 위해 소년법 폐지해주세요
8450,간만에 추억 소환 되어서 너무 좋았습니다 ㅠㅠ!!,간만에 추억 소환 되어서 기분 너무 좋았습니다 ㅠㅠ!!
8463,영화는 재테크의 수단이 아닙니다.,영화는 결코 재테크의 수단이 아닙니다.
8465,촛불집회에 무력진압을 계획한 기무사를 옹호했던 SBS를 감사해야함을 촉구하는 바이다!,촛불집회에 무력진압을 계획한 기무사를 옹호했던 MBC SBS를 감사해야함을 촉구하는 바이다!
8475,저희 와이프도 덕분에 현웃 터졌습니다. ㅎㅎ,저희 와이프도 덕분에 현웃이 터졌습니다. ㅎㅎ
8482,"50분동안 많은 내용을 다루고 있는데, 개발자라면 전체를 보시면 좋을것 같습니다.","50분동안 많은 내용을 다루고 있는데, 개발자라면 내용의 전체를 보시면 좋을것 같습니다."
8483,사라질 위기의 새마을호 태극실 열차에 관심을 부탁드립니다.,사라질 뻔한 위기의 새마을호 태극실 열차에 관심을 부탁드립니다.
8488,그간 이렇게 주옥같은 글들을 모두 모아서 한권의 책으로 엮어냈어요.,그간 이렇게 주옥같은 글들을 모두 모아서 다시 한권의 책으로 엮어냈어요.
8489,모텔영화 아이덴티티였나 그거보다 긴장감은 더있는거같음,모텔영화의 아이덴티티였나 그거보다 긴장감은 더있는거같음
8496,요거 안그래도 슬슬 얘기하고 있던 상황입니다.,요거는 안그래도 슬슬 얘기하고 있던 상황입니다.
8499,머리 엄청 빨리 다시 빽빽해졌네요!,머리 엄청 빨리고 다시 빽빽해졌네요!
8506,제발 1주택자 좀 보호해주세요!!!!!,제발 1주택자 좀 더 보호해주세요!!!!!
8511,애니판보고 봤는데 진짜 슬프다ㅠㅠㅠ,근데 애니판보고 봤는데 진짜 슬프다ㅠㅠㅠ
8515,지방선거에 서울을 투표하는 이유를 묻고싶습니다.,지방선거에 서울을 투표하는 이유를 꼭 묻고싶습니다.
8518,전 이메일이 아이핀보다 더 편합니다.,전에 이메일이 아이핀보다 더 편합니다.
8538,더 나아가 캡쳐도 올려주심 더욱 감사하겠습니다!!,더 나아가 캡쳐도 함께 올려주심 더욱 감사하겠습니다!!
8550,하아... 정말 마음 사르르 녹는 영상이네요...,하아... 정말 마음 사르르 다 녹는 영상이네요...
8551,오늘은 ㅈㅔ가~! 으챠 !,오늘은 ㅈㅔ가 ~! 으챠 ~!
8555,밧슈는 어릴 적 내 우상이었다.,밧슈는 어릴 적부터 내 우상이었다.
8558,기운 얻을 수 있는 시간이었습니다.,마지막 기운 얻을 수 있는 시간이었습니다.
8581,어머 이 사진 솜씨 예사롭지 않습니다!!!!,어머 이 사진 솜씨 예사롭지는 않습니다!!!!
8596,ㅜㅜ 작고 소중한 친구네요...,ㅜㅜ 참 작고 소중한 친구네요...
8598,운동 장비 구매 썰과 장비 사용 후기를 나눴습니다.,운동 장비 구매 후 썰과 장비 사용 후기를 나눴습니다.
8599,이거 너무 억지 아닌가?,이거 너무 좀 억지 아닌가?
8604,"참신한 아이디어, 그러나 부실한 시나리오...",". 참신한 아이디어, 그러나 부실한 시나리오..."
8606,"평창동계올림픽""팀장이 성추행""…또 다른 고발 글도 올라와","평창동계올림픽 "" 팀장이 성추행 "" … 또 다른 고발성 글도 올라와"
8614,공공재 및 문화재 보호대책을 마련했으면 합니다.,조속히 공공재 및 문화재 보호대책을 마련했으면 합니다.
8616,군사 쿠데타를 절대로 막아서는 안 됩니다,군사 쿠데타를 절대로 막아서는 절대 안 됩니다
8625,저도 괜찮으면 돈 내가면서 사용해봐야겠네요.,저도 좀 괜찮으면 돈 내가면서 사용해봐야겠네요.
8629,하지만 실력이 부족한 저는 도전하지 않기로!,하지만 실력이 너무 부족한 저는 도전하지 않기로!
8632,저는 진짜 넘 추천드립니당...ㅋㅋㅋ,저는 진짜로 넘 추천드립니당... ㅋㅋㅋ
8644,여성에게 국방세를 부과해 주십시요.,여성에게는 국방세를 부과해 주십시요.
8651,한국의 음주문화개선 및 처벌은 엄중하게...,한국의 음주문화개선 및 음주운전 처벌은 엄중하게...
8654,오오 저도 주말에 보려고 했는데!,오오 오오 저도 주말에 보려고 했는데!
8655,자른 뒤.. 같이 기르는 것으로...?!,자른 뒤... 같이 기르는 것으로...?!
8661,"차고지 증명제를 실시하고, 도로에 자동차를 주차하지 못하게 해주세요.","차고지 증명제를 실시하고, 도로에 자동차를 주차하지 못하게 조치 해주세요."
8662,이번에 연간 구독을 마쳤습니다.,이번에 연간 신문 구독을 마쳤습니다.
8664,우리 한국여자도 군복무 가능합니다,우리 한국여자도 군복무가 가능합니다
8684,전기가오리... 밀리는게 저만 그런게 아니였군요...ㅎㅎ,전기가오리... 밀리는게 저만 그런게 다가 아니였군요... ㅎㅎ
8685,이 영화가 당대 지녔을 괴력을 알겠다..,이 영화가 당대에 지녔을 괴력을 알겠다..
8688,에너지를 갖고계시는 분들을 연속으로 만나고 있습니다.,에너지를 갖고계시는 분들을 연속으로 많이 만나고 있습니다.
8698,저도 프로젝트가 끝나는 그날을 위해서 참고... 달려볼께요,. 저도 프로젝트가 끝나는 그날을 위해서 참고... 달려볼께요
8700,국회의원 단식투쟁 금지법 발의해주세요.,국회의원 단식투쟁행위 금지법 발의해주세요.
8710,점점 축구인원이 늘어나네요? 진짜 한번 모일때가 된듯!,점점 축구인원이 점점 늘어나네요? 진짜 한번 모일때가 된듯!
8711,대한민국 경제 이렇게 힘듭니까?,대한민국 경제 이렇게 얼마나 힘듭니까?
8713,백엔드 개발자를 희망하고 있습니다.,백엔드의 개발자를 희망하고 있습니다.
8722,정말 프레데터는 희대의 케릭터다,정말 프레데터는 정말 희대의 케릭터다
8723,"그 중에서 특히 집값이 매우 비싸다고 하셨는데, 집값이 비싸기로 유명한 일본 사람들도 홍콩 집값이 너무 비싸다는 얘기를 할 정도라네요","그 중에서 홍콩 특히 일본 집값이 매우 비싸다고 하셨는데, 집값이 비싸기로 유명한 일본 사람들도 홍콩 집값이 너무 비싸다는 얘기를 할 정도 정도라네요"
8726,오 그러면 진짜로 같이 이태원 가요~!! ㅎㅎ,오 그러면서 진짜로 같이 이태원 가요 ~!! ㅎㅎ
8727,처음은 소청도 양갈비에서 양갈비와 양꼬치를 먹으며 시작했습니다!,맨 처음은 소청도 양갈비에서 양갈비와 양꼬치를 먹으며 시작했습니다!
8730,콘텐츠 개발이 너무 불규칙합니다.,콘텐츠의 개발이 너무 불규칙합니다.
8737,상가임대차] 한번만 읽어주시면 감사하겠습니다.,상가임대차 ] 한번만 더 읽어주시면 감사하겠습니다.
8748,라는 용어를 라고 바꿔 주세요.,. 라는 용어를 라고 바꿔 주세요.
8755,범죄 용의자가 술 마시고 사건을 일으켰을 경우 처벌 가중을 요청합니다.,범죄 용의자가 실제로 술 마시고 총격 사건을 일으켰을 경우 처벌 가중을 요청합니다.
8757,우와~~~ 잘 즐기고 몸조심 하셔요,우와 ~ ~ ~ ~ 잘 즐기고 몸조심 하셔요
8760,평창올림픽 북한 참여 철회 청원합니다,평창올림픽 북한 참여 철회를 청원합니다
8772,<PERSON> 님 혹시 크라브마가 조인 생각있으시면 나중에 일정 짤 때 메세지 드릴게요~!,"< PERSON > 님 혹시 크라브마가 일정 조인 생각있으시면, 나중에 일정 짤 때 메세지 드릴게요 ~!"
8783,청년실업 및 노동복지를 위한 개선안,청년실업 및 노동복지를 위한 제도 개선안
8795,저 왜 태그된거에요...? ㅋㅋ,저는 왜 태그된거에요...? ㅋㅋ
8804,와 이모지 만들기... 짱입니당!,와 이모지 만들기.... 짱입니당!
8805,퀵 자체는 오전 중이면 될 것 같아요…,퀵 자체는 오전 작업 중이면 될 것 같아요 …
8809,그게 사정을 들어보니 그정도는 아니더라고요..,그게 지금 사정을 들어보니 그정도는 아니더라고요..
8814,제발 재구속 및 사형 또는 무기징역 처벌!!!,"제발 재구속 및, 사형 또는 무기징역 처벌!!!"
8818,다양한 입력을 통해 다양한 출력이 나온다.,다양한 입력을 통해 다양한 출력이 함께 나온다.
8822,월욜 갭차이 어쩔.. ㅋㅋㅋ 잃고싶지않다..,월욜 갭차이 어쩔.. ㅋㅋㅋ. 잃고싶지않다..
8824,박스오피스위 돈 많이 번 작품인만큼 재미고 무섭다,박스오피스위 돈 많이 번 작품인만큼 더 재미고 무섭다
8825,국가직 운전직도 같은 공무원입니다,국가직과 운전직도 같은 공무원입니다
8826,헉 ㅠㅠ 저도 경보문자받고 걱정... 다들 무사하시길 ㅠㅠㅠ....,헉 ㅠㅠ. 저도 경보문자받고 걱정... 다들 무사하시길 ㅠㅠㅠ....
8831,국회의원및 지방자치단체장의 도덕성 검증 도입을 요청합니다.,국회의원및 지방자치단체장의 도덕성의 검증 도입을 요청합니다.
8835,강아지 너무 귀엽네요 ㅎㅎ,강아지 너무도 귀엽네요 ㅎㅎ
8836,서울 아산병원 의료사고를 고발합니다.,서울의 아산병원 의료사고를 고발합니다.
8847,교육정책에 대한 공론화 결과를 그대로 받아들여 주십시오,교육정책에 대한 대한 공론화 결과를 그대로 받아들여 주십시오
8856,그래도 모니터를 여러 대 사용하니까 좋네요...,그래도 모니터를 이렇게 여러 대 사용하니까 좋네요...
8865,제 엄지는 저에게 어색하였는지 필터링시켜버렸네요..ㅋㅋㅋ,제 엄지는 저에게 좀 어색하였는지 필터링시켜버렸네요.. ㅋㅋㅋ
8867,멋진 곳에서 다양한 메뉴를 먹고싶다,멋진 곳에서 다양한 메뉴를 만나 먹고싶다
8868,천안함의 사고 원인을 확정해주세요,먼저 천안함의 사고 원인을 확정해주세요
8879,1시간 동안 이야기 나누다 미팅이 있어 마무리 지었는데 너무 즐거웠습니다.,약 1시간 동안 이야기 나누다 미팅이 잡혀 있어 마무리 지었는데 너무 즐거웠습니다.
8880,터무니 없는 영화 .,터무니 없는 영화다.
8886,제가 운동할때 듣는 음악들인데 (내용에 F가 좀 뜨긴 하지만) 제목은 상당히 멋집니다.,제가 운동할때 자주 안 듣는 음악들인데 ( 내용에 F가 좀 뜨긴 하지만 ) 제목은 상당히 멋집니다.
8891,"오, 깨지지 않길 바라며...","오, 깨지지 않길 간절히 바라며..."
8901,니트족들을 위한 일자리들을 만들어주세요,니트족들을 위한 일자리들을 많이 만들어주세요
8903,다행이 이제 다 돌아왔네요.,다행이 이제 다들 돌아왔네요.
8908,국민들은 평화와 평안을 원한다,국민들은 평화와 평안을 간절히 원한다
8914,신한은행 도급회사 신한서브 갑질에 대해 처벌을 요구합니다.,신한은행 도급회사 신한서브는 갑질에 대해 처벌을 요구합니다.
8920,개인적으로 확대 필기기능과 체크박스만 추가되면 넘 좋겠....,개인적으로 확대 필기기능과 체크박스만 추가되면서 넘 좋겠....
8927,제가 요즈음 재미있게 보는 굿닥터의 물 시리즈 인데요.,제가 요즈음 재미있게 보는 굿닥터의 물 시리즈들 인데요.
8930,중소 상인들 좀 도와주세요.,중소 상인들 좀 더 도와주세요.
8945,국민연금 추납제도 당장 중단시켜 주십시오...,국민연금의 추납제도 당장 중단시켜 주십시오...
8951,타티의 시선으로 풀어낸 회색도시의 기이한 춤사위,그리고 타티의 시선으로 풀어낸 회색도시의 기이한 춤사위
8957,염산 등 위험물질 판매불가 시켜주세요.,염산 등 위험물질 판매불가를 시켜주세요.
8973,소수에 특혜 부여하는 기관장의 권한행사를 금지시켜주시기 바랍니다.,또한 소수에 특혜 부여하는 기관장의 권한행사를 금지시켜주시기 바랍니다.
8978,"살 곳이없다,..어디에도..핵전쟁의 최후가 그러려니..","살 만한 곳이없다,.. 어디에도.. 핵전쟁의 최후가 그러려니.."
9001,황전원 특조위원 박탈을 청원합니다,황전원 특조위원직 박탈을 청원합니다
9004,버스 비상등켜고 좌우로 맘대로 차선 바꾸는 것 금지해 주세요.,버스 버스 비상등켜고 좌우로 맘대로 차선 바꾸는 것 금지해 주세요.
9015,서로 재밌게 봤던 영화와 넷플릭스 추천을 주고 받았습니다,서로 재밌게 봤던 영화와 함께 넷플릭스 추천을 주고 받았습니다
9039,서평이 이 정도이면.. 내용은..?,서평이. 이 정도이면.. 내용은..?
9043,모든 도로에 중앙분리대를 설치 및 횡단보도에 분리봉을 설치해주세요,모든 도로에 중앙분리대를 설치하여 및 횡단보도에 분리봉을 설치해주세요
9049,주52시간 근로제의 빠른 개선안을 요구합니다.,주52시간제 근로제의 빠른 개선안을 요구합니다.
9052,너무 멋진연주 잘 들었어요..!!!,너무 멋진연주 잘만 들었어요..!!!
9053,오랫만에 즐겨보게 된 드라마,오랫만에 즐겨보게 된 SBS 드라마
9054,이번 2019년도 수학능력평가 수험생입니다.,바로 이번 2019년도 수학능력평가 수험생입니다.
9072,네고왕이랑 콜라보해서 바프 아몬드 세일하네용,네고왕이랑 콜라보해서 바프 아몬드도 세일하네용
9081,"그 외에도 재택근무 이야기들, 저번주에 들었던 온콜문화에 대해 이야기하다 보니 시간이 후딱 가더라구요.","그 이야기 외에도 재택근무의 이야기들, 저번주에 들었던 온콜문화에 대해 이야기하다 보니 시간이 후딱 가더라구요."
9085,"1544,1577,1588등 대표전화 없애 주세요.","1544, 1577, 1588등 대표전화를 없애 주세요."
9095,간접흡연 관련 법률을 제정해 주십시오.,간접흡연 관련 법률을 제정해 보여 주십시오.
9098,교육은 평생 무제한(유학포함) 국가지원(무상교육)으로 해 주세요,무상 교육은 평생 무제한 ( 유학포함 ) 국가지원 ( 무상교육 ) 으로 해 주세요
9121,"채무자의 금전소비대차의 공증서의 회생.파산,면책 신청의 무의미함...","채무자의 금전소비대차의 공증서의 회생. 파산, 면책 신청의 길이 무의미함..."
9126,화려한 명품과 경쾌한 음악 뿐이었던 것 같다.,화려한 명품과 경쾌한 클래식 음악 뿐이었던 것 같다.
9153,다시 한 번!! 공부를 해야겠다,다시 한 번!! 공부를 열심히 해야겠다
9174,와~~ 빨리 뵙고 싶습니다.,와 ~ ~ ~ 빨리 뵙고 싶습니다.
9175,김조광수의 뚝심도 높이 사지만....영화도 잘 만든 듯....,김조광수의 뚝심도 높이게 사지만.... 영화도 잘 만든 듯....
9197,세상이 참 좁네요 ㅋㅋ,요즘 세상이 참 좁네요 ㅋㅋ
9200,올해 메이저리거 류현진선수 방어률 갑시다. ㄱㄱ,올해 메이저리거 류현진선수 방어률 갑시다.? ㄱㄱ
9206,양구 군인 사건에 대해서 철저히 밝혀주세요,양구 군인 사건에 대해서 철저히 진실 밝혀주세요
9229,과연 귀신영화는 미국인한테 어울릴까요?,과연 이 귀신영화는 미국인한테 어울릴까요?
9237,ㅋㅋ 제가 멀리 나온걸로!,ㅋㅋ 제가 저 멀리 나온걸로!
9250,우리 각자의 인권을 찾을 수 있도록 참여해주세요,우리 각자의 인권을 찾을 수 있도록 적극 참여해주세요
9254,나라가 망해가고있는걸 젊은 24살 청년 또한 느끼고있는건.....,점점 나라가 망해가고있는걸 젊은 24살 청년 또한 느끼고있는건.....
9262,국민을 살릴려면 관광산업을 키워주세요.,국민을 살릴려면 관광산업을 더 키워주세요.
9266,"병원비 이천만원, 남은건 집 뿐인데 팔릴수 있게 도와주세요","병원비 이천만원, 남은건 집값 뿐인데 팔릴수 있게 도와주세요"
9274,대만박스오피스 1위 대만 클라스 보소 -_-;;,"대만박스오피스 1위, 대만 클라스 보소 - _ - ; ;"
9315,네 서귀포가 20일이었던거 보면 7-10일 걸리는것 같네요.,네 서귀포가 20일이었던거 보면 7 - 10일 걸리는것도 같네요.
