Unnamed: 0,sentence,sentence_bert,similarity
4852,"코로나에 대한 이야기도 하고, 제가 런닝을 ~하다말다~ 하고 있어서 런닝에 대한 조언도 받았습니다.","코로나에 대한 이야기도 하고, 또 제가 런닝을 ~ 하다말다 ~ 하고 있어서, 런닝에 대한 조언도 받았습니다.",1.0000000000000004
5165,"서번째 보면서 눈물을 흘렸다,,",", 서번째 보면서 눈물을 흘렸다,,",1.0000000000000004
8726,오 그럼 잠드시기 전에 알려주세요! ㅋㅋ,오 그럼 잠드시기 전에 꼭 알려주세요! ㅋㅋ,1.0000000000000004
7793,한 번 문의 드려 볼게요~~,한 번 문의 드려 봐 볼게요 ~ ~,1.0000000000000004
8465,국가토지 임대후 그 토지를 전대하여 이득을 취하는자 엄벌,국가토지 임대후 그 토지를 전대하여 그 이득을 취하는자 엄벌,1.0000000000000004
7551,삶이 무료할 땐 휴가를!!!!,내 삶이 무료할 땐 휴가를!!!!,1.0000000000000004
2083,"구적폐와 신적폐, 다 배척하여야할 대상, 보통 국민을 표준으로 하여주십시오","구적폐와, 신적폐, 다 배척하여야할 대상, 보통 국민을 표준으로 하여주십시오",1.0000000000000004
753,노골적으로 하는 장면이 나오는데...,. 노골적으로 하는 장면이 나오는데...,1.0000000000000004
2397,제건 7명 이상 무리데스네요 ㅋ.ㅋ ㅋㅋ,제건 7명 이상 무리데스네요. ㅋ. ㅋ ㅋㅋ,1.0000000000000004
2934,음주운전도 중요하지만 졸음운전 노약자나 심신미약자 운전미숙도 좀 중요시합시다.,"음주운전도 중요하지만, 졸음운전 노약자나 심신미약자 운전미숙도 좀 중요시합시다.",1.0000000000000004
356,[기고] 법원 멋대로 운용하는 개인회생제도/이상일 언론인,/ [ 기고 ] 법원 멋대로 운용하는 개인회생제도 / 이상일 언론인,1.0000000000000004
1800,지브리 좋아하는 사람은 안깔아보곤 못 버틸 것 같은 게임!,지브리 좋아하는 사람은 안깔아보곤 못 버틸 것 같은 이 게임!,1.0000000000000004
2444,앤헤서웨이가 정말 이쁘다는거빼곤 기억에 남지 않음,앤헤서웨이가 정말 이쁘다는거빼곤 잘 기억에 남지 않음,1.0000000000000004
2211,오... 좋아요 구독 눌렀습니다!,오... 좋아요! 구독 눌렀습니다!,1.0000000000000004
6598,아... 어릴적 추억의 향수에 푹 빠져 봤습니다...,아... 어릴적 추억의 그 향수에 푹 빠져 봤습니다...,1.0000000000000002
912,"리프티드, 닥터 페퍼 최고 ㅋㅋㅋ","리프티드, 닥터 페퍼 최고! ㅋㅋㅋ",1.0000000000000002
2489,왠 컬트무비? 환상여행? 이라기보담 이정도 되면 컬트에 가까움,왠 컬트무비? 환상여행?? 이라기보담 이정도 되면 컬트에 가까움,1.0000000000000002
5995,TV에서 나올 때 한 번 봐볼까 하다가 분만에 꺼버림....절레절레.,TV에서 나올 때 한 번 봐볼까 하다가 몇 분만에 꺼버림.... 절레절레.,1.0000000000000002
1490,헐.... 심각한 이야기라 이런 말 하기 쫌 그렇지만...사진만 보면 재첩국...,. 헐.... 심각한 이야기라 이런 말 하기 쫌. 그렇지만... 사진만 보면 재첩국...,1.0000000000000002
4578,국가원수에 대한 예의에 어긋나는 글은 원천 차단해 주세요.,국가원수에 대한 예의에 어긋나는 이 글은 원천 차단해 주세요.,1.0000000000000002
4603,완전 대박 불쌍함 여자..ㅠㅠ%,완전. 대박 불쌍함 여자.. ㅠㅠ %,1.0000000000000002
4499,오늘 쉬는 날이었군요? ㅠㅠ,오늘 쉬는 날이었군요?? ㅠㅠ,1.0000000000000002
4770,쉐프들 케미도 떨어지고 요리 자체도 떨어지고...,쉐프들 케미도 안 떨어지고 요리 자체도 떨어지고...,1.0000000000000002
4439,이 게임도 추천드려요 ㅎㅎ,이 게임도 추천드려요. ㅎㅎ,1.0000000000000002
4433,up로고를 활용해서 UP이 들어간 다양한 문구도 좋을 것 같아요!,up로고를 활용해서 UP이 들어간 더 다양한 문구도 좋을 것 같아요!,1.0000000000000002
5221,하지원은 뭐든지 어울려 영화계 블루칩.,하지원은 뭐든지 잘 어울려 영화계 블루칩.,1.0000000000000002
4141,"세기 ""레니 할린, 작품은 ""마인트헌터, 뿐인가!? 연출이 tv판 수준!",""" 세기 "" 레니 할린, 작품은 "" 마인트헌터, 뿐인가!? 연출이 tv판 수준!",1.0000000000000002
673,스포츠토토(배트맨) 운영 방식에 항의 합니다,스포츠토토 ( 배트맨 ) 의 운영 방식에 항의 합니다,1.0000000000000002
5667,저도 꼭 긴머리연맹?에 들어갈 수 있도록 열심히 기르겠습니다 ㅋㅋㅋ,저도 꼭 긴머리연맹? 에 들어갈 수 있도록 더 열심히 기르겠습니다 ㅋㅋㅋ,1.0000000000000002
2562,진짜 볼때마다 저 심장 아파요,저 진짜 볼때마다 저 심장 아파요,1.0000000000000002
4144,이것도 그렇고 주유소 습격사건도 그렇고.......,"이것도 그렇고, 주유소 습격사건도 그렇고.......",1.0000000000000002
7995,주52시간 때문에 삶의 만족도가 떨어질거 같다,주52시간 때문에 삶의 질 만족도가 떨어질거 같다,1.0000000000000002
4179,그럼 내일 우리팀은 무조건 이기는 겁니다.,"그럼, 내일 우리팀은 무조건 이기는 겁니다.",1.0000000000000002
7980,드라마는 재미있지만 왠지 MBC가 했다는게 꺼림직...ㅡㅡ,이 드라마는 재미있지만 왠지 MBC가 했다는게 꺼림직... ㅡㅡ,1.0000000000000002
7955,두 분 어디 도장깨기 하러 가시는가요… ㅋㅋㅋ,저 두 분 어디 도장깨기 하러 가시는가요 … ㅋㅋㅋ,1.0000000000000002
5646,리얼미터 전국조사 503명이 전체를 전국대표한다니 공표를 못하게좀 해 주세요,"리얼미터 전국조사 503명이 전체를 전국대표한다니, 공표를 못하게좀 해 주세요",1.0000000000000002
1981,로렌스 왜그랬어ㅠ 연기력 아깝다,로렌스 왜그랬어ㅠ 내 연기력 아깝다,1.0000000000000002
780,"금융개혁, 김기식을 '머슴'으로 써주십시오 II.","☞ 금융개혁, 김기식을'머슴'으로 써주십시오 II.",1.0000000000000002
4352,사건이 해결되지 않은 몰카 피해자입니다.,사건이 해결되지 않은 채 몰카 피해자입니다.,1.0000000000000002
1505,우리가 어떤 세상에 살고 있는지... 불편한 진실.,우리가 어떤 세상에 살고 있는지.... 불편한 진실.,1.0000000000000002
2448,제발 산업과 공학에 신경써주세요!!,"제발, 산업과 공학에 신경써주세요!!",1.0000000000000002
4650,명절날 수돗물 단수라? (전남 곡성군),설 명절날 수돗물 단수라? ( 전남 곡성군 ),1.0000000000000002
5515,저도 사실 보자마자 이게 떠오르긴 했… ㅋㅋ,저도 사실 보자마자 이게 떠오르긴 했 … … ㅋㅋ,1.0000000000000002
7610,무슨 공익들이 교관 조교하는느낌이야 ..,무슨 공익들이 교관 조교하는느낌이야...,1.0000000000000002
6891,군대갔다왔지만개인으로인해 단체생활에 피해가되는데 그걸로 분량채우는건가?,군대갔다왔지만개인으로인해 단체생활에 피해가되는데 왜 그걸로 분량채우는건가?,1.0000000000000002
6948,타고 싶은데 넘 비싸요 ㅎㅎ,차 타고 싶은데 넘 비싸요 ㅎㅎ,1.0000000000000002
5233,어깨에 앉은 꿀벌 아닌가요?,어깨에 앉은 게 꿀벌 아닌가요?,1.0000000000000002
7018,저의 첫 회식 멤버셨는데..,저의 첫 첫 회식 멤버셨는데..,1.0000000000000002
7022,같은 또래에 비해 더 잘먹고 잘 크고 있다고 합니다 ㅎㅎㅎ,같은 또래에 비해 더 잘먹고 더 더 잘 크고 있다고 합니다 ㅎㅎㅎ,1.0000000000000002
7055,한샘 국정조사 대리점과 본사의싸움에 피해는 소비자몫,"한샘 국정조사, 대리점과 본사의싸움에 피해는 소비자몫",1.0000000000000002
7137,청소년이라도 옳고 그름의 판단은 정확해야 합니다.,청소년이라도 그 옳고 그름의 판단은 정확해야 합니다.,1.0000000000000002
5159,"사기당한건 머고,, 복수는머고,, 쓸데없는 전개..","사기당한건 또 머고,, 복수는머고,, 쓸데없는 전개..",1.0000000000000002
5398,부엉이 바위를 관광지로 만들어주세요,부엉이 바위를 관광지로 잘 만들어주세요,1.0000000000000002
1228,"요즘 푸욱 빠진 아이키님 세바시 강연을 우연히 지금에서야 봤는데,","요즘 푸욱 빠진 아이키님 세바시 강연을 우연히 지금에서야 해 봤는데,",1.0000000000000002
5133,우와 진짜멋져요... 마테호른 바라보며 스키라니...ㅠㅠ,. 우와 진짜멋져요... 마테호른 바라보며 스키라니... ㅠㅠ,1.0000000000000002
1400,아~그냥 답답.. 뭐~싸우는 대사뿐이고.. 에혀..,아 ~ 그냥 답답.. 뭐 ~ 싸우는 건 대사뿐이고.. 에혀..,1.0000000000000002
6795,사우나도 무슨 강남 최신식이고..,사우나도 무슨. 강남 최신식이고..,1.0000000000000002
5020,GDI 엔진 엔진오일감소 현상 조사 및 조사과정 공론화.,- GDI 엔진 엔진오일감소 현상 조사 및 조사과정 공론화.,1.0000000000000002
4899,열매 먹을 수 있나요? 궁금궁금],열매 먹을 수 있나요? [ 궁금궁금 ],1.0000000000000002
7319,ㅋㅋ 깨달음의 회식 시간이었군요..,. ㅋㅋ 깨달음의 회식 시간이었군요..,1.0000000000000002
5409,이뻣던 종초홍~ 그리고 홍금보..,이뻣던 종초홍 ~ ~ 그리고 홍금보..,1.0000000000000002
5441,성평등을 위해서 평가기준을 올려주세요,성평등을 위해서 평가기준을 좀 올려주세요,1.0000000000000002
19,내년 러시아월드컵 자진포기 청원드립니다.,- 내년 러시아월드컵 자진포기 청원드립니다.,1.0000000000000002
4719,저도 여러번 찍어오거나 받아왔는데 말이죠...,"저도 여러번 찍어오거나, 받아왔는데 말이죠...",1.0000000000000002
7410,저도 그래서 샤오미 사이클로.. ㅋㅋㅋ,저도 그래서 샤오미 사이클로... ㅋㅋㅋ,1.0000000000000002
1118,저도 모르게.. 하와이 간접체험 할 사람마냥 넘나리 많은 질문들을 드렸네요ㅋㅋ,.. 저도 모르게.. 하와이 간접체험 할 사람마냥 넘나리 많은 질문들을 드렸네요ㅋㅋ,1.0000000000000002
7428,대체; 왜 맨날 해주냐,; 대체 ; 왜 맨날 해주냐,1.0000000000000002
2373,16일날에 예정대로 수능치르게 해주세요,꼭 16일날에 예정대로 수능치르게 해주세요,1.0000000000000002
7503,썸네일 보고 일단 클릭해보지 않을 수 없었던 플리,썸네일 보고 일단 클릭해보지 않을 알 수 없었던 플리,1.0000000000000002
1080,영화마다 진지하게 일장연설하는 부분은 제발 이제 그만~,영화마다 진지하게 ~ 일장연설하는 부분은 제발 이제 그만 ~,1.0000000000000002
1020,헉?! 알파벳은 든든합니다. ~!,! 헉?! 알파벳은 든든합니다. ~!,1.0000000000000002
5685,오오 이제 4명 되었네요 ㅋㅋ,오오 이제 4명 다 되었네요 ㅋㅋ,1.0000000000000002
4648,아니 이런 성스러운 채널이 있는지 입사 3달만에 알았습니다!,! 아니 이런 성스러운 채널이 있는지 입사 3달만에 알았습니다!,1.0000000000000002
651,아직 ; 벌써 백일인게 신기하고 자랑스럽습니당,아직 ; 벌써 ; 백일인게 신기하고 자랑스럽습니당,1.0000000000000002
8032,"평범한 로맨틱 코미디지만, 마음을 끄는 무언가가 있다.","평범한 로맨틱 코미디지만, 마음을 끄는 건 무언가가 있다.",1.0000000000000002
8157,동의합니다가 너무 웃겨서 동의를 못하겠어요,동의합니다가 너무 웃겨서. 동의를 못하겠어요,1.0000000000000002
212,시대를 타지 않는 명작...셰익스피어 원작 그자체,시대를 타지 않는 한 명작... 셰익스피어 원작 그자체,1.0000000000000002
155,엄청난 후폭풍을 몰고 올 개정.,이 엄청난 후폭풍을 몰고 올 개정.,1.0000000000000002
162,대박! 허리가 훨씬 편안하게 느껴지네요.,대박!! 허리가 훨씬 편안하게 느껴지네요.,1.0000000000000002
180,세상에 퍼펙트 월드란 없다,세상에 퍼펙트 월드란 게 없다,1.0000000000000002
183,이 나이에 군대를 가고 싶습니다~~~ ^^,이 나이에 꼭 군대를 가고 싶습니다 ~ ~ ~ ^ ^,1.0000000000000002
3507,. 분량 시간분.난뭘본걸까? 레이 개실망...,.. 분량 시간분. 난뭘본걸까? 레이 개실망...,1.0000000000000002
2957,수소차가 공기정화의 기능이 된다면 서울시 택시를 수소차로,"수소차가 공기정화의 기능이 된다면, 서울시 택시를 수소차로",1.0000000000000002
3517,이 점을 기억하면서 이번 주말에 나머지 편들을 봐야겠습니다.,이 점을 기억하면서 이번 주말에 나머지 세 편들을 봐야겠습니다.,1.0000000000000002
6052,조두순 출소를 막을 방법은 현실적으론 없지않을까요..,"조두순 출소를 막을 방법은, 현실적으론 없지않을까요..",1.0000000000000002
6084,궁금해서 discussion 구경해보니 사진과 같은 글이 있네요 ㅋㅋㅋ,궁금해서 discussion 구경해보니 사진과 같은 글이 있네요. ㅋㅋㅋ,1.0000000000000002
3586,이나영팬이어서 봤었는데 보고나서 이나영한테 급실망했었다.,"이나영팬이어서 봤었는데, 보고나서 이나영한테 급실망했었다.",1.0000000000000002
237,어 저 되게 갸륵하게 나왔네요..ㅋㅋ,. 어 저 되게 갸륵하게 나왔네요.. ㅋㅋ,1.0000000000000002
6119,원곡도 한 번 들어보시죠 ㅎ -,원곡도 한 번 들어보시죠? ㅎ -,1.0000000000000002
8644,sbs그것이알고싶다 !축구협회 비리좀파헤쳐 주십시요,# sbs그것이알고싶다! 축구협회 비리좀파헤쳐 주십시요,1.0000000000000002
5785,빗썸 원화 출금 금지 풀어주시고 해킹이 맞는지 압수수색 부탁드립니다.,빗썸 원화 출금 금지 풀어주시고 해킹이 맞는지. 압수수색 부탁드립니다.,1.0000000000000002
8795,이 태리 느낌 좋은데요? ㅋㅋ,아 이 태리 느낌 좋은데요? ㅋㅋ,1.0000000000000002
8826,그걸 앉아서 바라보던 저도.. 같이 핀 셈…인가..,그걸 앉아서 바라보던 저도.. 다 같이 핀 셈 … 인가..,1.0000000000000002
6274,"분명한거고 당연한 만남이지만, 이루어질 수 없는 민족","분명한거고, 당연한 만남이지만, 이루어질 수 없는 민족",1.0000000000000002
3285,"페드로 알모도바르, 또 다른 신세계.","페드로 알모도바르, 또 다른, 신세계.",1.0000000000000002
9266,국민연금 .. 어려운이들에게는 희망이될수있게 자율해지를..,국민연금.. 어려운이들에게는. 희망이될수있게 자율해지를..,1.0000000000000002
3161,식물 관련해서는 죽음의 손이지만.. 이번엔 꼭! 꽃이 피는걸 볼 수 있기를!!,식물 관련해서는 죽음의 두 손이지만.. 이번엔 꼭!! 꽃이 피는걸 볼 수 있기를!!,1.0000000000000002
1736,로맨틱보단 코믹이 더 강하고 시간 잘간다.. 화장실유머도 웃기고,로맨틱보단 코믹이 더 강하고 시간 잘간다.. 화장실유머도 더 웃기고,1.0000000000000002
3198,회식금지법 발의 좀 해주세요,회식금지법 발의 좀 꼭 해주세요,1.0000000000000002
3220,참고로 저는 사업자 아님 ...,참고로 저는 사업자 아님....,1.0000000000000002
9153,여러분도 한 번 해보세요..,여러분도 꼭 한 번 해보세요..,1.0000000000000002
72,구글 meet에 맞는 사이즈로 리사이즈했습니다,구글 meet에 맞는 큰 사이즈로 리사이즈했습니다,1.0000000000000002
125,욱일기~ 전범기 관련 사용금지 법안을 당장만드시요,욱일기 ~ ~ 전범기 관련 사용금지 법안을 당장만드시요,1.0000000000000002
5851,다음에 또 같이 해요~,그 다음에 또 같이 해요 ~,1.0000000000000002
3288,대학원 후배가 이걸 찾아서 저에게 보내왔어요 ㅋㅋ,대학원 후배가 이걸 찾아서 저에게 보내왔어요. ㅋㅋ,1.0000000000000002
8978,다 좋은데.. 내롤모델의 끝이 죽는게 참..,둘 다 좋은데.. 내롤모델의 끝이 죽는게 참..,1.0000000000000002
3383,돌아서면 자라있는 신기한 머리…..ㅎㅎ,돌아서면 자라있는 신기한 내 머리 ….. ㅎㅎ,1.0000000000000002
3420,와 다들 나랑 똑같네 ㅋㅋ,와 ~ 다들 나랑 똑같네 ㅋㅋ,1.0000000000000002
8835,화면발 너무 잘 받네요 ㅎㅎ,화면발 너무 잘 받네요. ㅎㅎ,1.0000000000000002
1851,소시오패스를 연기하는 자체가 모순,- 소시오패스를 연기하는 자체가 모순,1.0000000000000002
5791,그러고 보니 대부분 그냥 업체 잔들이네요. ㅋㅋ,그러고 보니 대부분 그냥 업체 잔들이네요.. ㅋㅋ,1.0000000000000002
5733,실제 배경이였고...! 멋진 뷰에 살고 계시더라구요!!,! 실제 배경이였고...! 멋진 뷰에 살고 계시더라구요!!,1.0000000000000002
2844,음.. YP 같은 느낌도 듭니다 ㅠ,. 음.. YP 같은 느낌도 듭니다 ㅠ,1.0000000000000002
4100,같이 기획해보아요! : ),같이 기획해보아요!! : ),1.0000000000000002
4016,여지껏 봤던 단편에서 가장 잘 잡힌 케릭터!,"여지껏 봤던 단편에서, 가장 잘 잡힌 케릭터!",1.0000000000000002
2719,아마도 저런 것들을 깨닫게 된 것은 시력이 나빠지신 이후시겠죠?,아마도 저런 것들을 깨닫게 된 것은 시력이 나빠지신 분 이후시겠죠?,1.0000000000000002
2744,"업무를 진행하다 보면, 스스로 진행할 일이 무엇이고, 시간을 어느정도 할애하는 지를 tracking하는 것이 참 중요한 것 같습니다.","업무를 잘 진행하다 보면, 스스로 진행할 할 일이 무엇이고, 그 시간을 어느정도 할애하는 지를 tracking하는 것이 참 중요한 것 같습니다.",1.0000000000000002
8279,가능함... 가능하겠지... 가능할거야... 바보가 아닌 이상.,가능함... 가능하겠지.... 가능할거야... 바보가 아닌 이상.,1.0000000000000002
5690,와 한달에 단편소설 한 편 작성.. 대단하셔요 !! 궁금해집니다!!!,. 와 한달에 단편소설 한 편 작성.. 대단하셔요!! 궁금해집니다!!!,1.0000000000000002
550,부동산정책... 1채있는 집을 팔고 싶다..,. 부동산정책... 1채있는 집을 팔고 싶다..,1.0000000000000002
3957,정말 알면알수록 역겨운 연예인!,! 정말 알면알수록 역겨운 연예인!,1.0000000000000002
8551,"으엇, 내일 바로 충전하겠습니다 ㅠㅠ!!!","으엇, 내일 바로 충전하겠습니다. ㅠㅠ!!!",1.0000000000000002
3921,쑈를 하라! 쑈! 쑈! 쑈!,쑈를 하라!! 쑈! 쑈! 쑈!,1.0000000000000002
8403,덕분에 어떻게 하면 좋은 인원을 잘 선발할 수 있을지에 대한 힌트를 얻을 수 있었습니다.,"덕분에, 어떻게 하면 좋은 인원을 더 잘 선발할 수 있을지에 대한 힌트를 얻을 수 있었습니다.",1.0000000000000002
5744,오 거의 똑같네요 ㅋㅋ,오 거의 똑같네요. ㅋㅋ,1.0000000000000002
3910,ㅋㅋ 웃느라 얼굴 망가진걸 이렇게 가려주셨군요,ㅋㅋ 웃느라 얼굴 망가진걸 이렇게 다 가려주셨군요,1.0000000000000002
6930,저랑 함께.. 한번 더 들어보실래여…? ㅋㅋㅋ,저랑 함께... 한번 더 들어보실래여 …? ㅋㅋㅋ,1.0000000000000002
3888,허걱.. 요즘 제가 골초가 된 듯 ㅠㅠ,허걱.. 요즘 제가 골초가 된 듯. ㅠㅠ,1.0000000000000002
6311,미세먼지 매우나쁨일때는 중학교 고등학교도 쉬게해주세요,"미세먼지 매우나쁨일때는 중학교, 고등학교도 쉬게해주세요",1.0000000000000002
8433,믱 ;ㅁ; 시간이 없어서 시도도 사실 못해봐서...,; ㅁ ; 시간이 없어서. 시도도 사실 못해봐서...,1.0000000000000002
2849,저는 황금볶음밥이 편해서 자주 먹고..,저는 황금볶음밥이 편해서 자주 안 먹고..,1.0000000000000002
3136,출산장려금 지역별 차이 없애주세요,저소득층 출산장려금 지역별 차이 없애주세요,1.0000000000000002
3763,제가 내준 최고난이도 수학문제 붙잡고 씨름하는 딸의 모습 ㅋ,제가 내준 최고난이도 수학문제 붙잡고 씨름하는 딸의 모습. ㅋ,1.0000000000000002
8463,제목은 기술자들인데 시나리오는 초보자들이 썼어요,"제목은 기술자들인데, 시나리오는 초보자들이 썼어요",1.0000000000000002
3785,견자단 형님.... 왜 이렇게 실력이 녹슬었어요?? ㅠ,견자단 형님.... 왜 이렇게 제 실력이 녹슬었어요?? ㅠ,1.0000000000000002
2882,오토바이 전 세계 자유로 자동차 폐지 요청,"오토바이 전, 세계 자유로 자동차 폐지 요청",1.0000000000000002
5264,우연하게 접한 너무 리얼한....,우연하게 접한 게 너무 리얼한....,1.0
1932,보통 그 대형모니터쪽에 있었죠..?,? 보통 그 대형모니터쪽에 있었죠..?,1.0
1933,그럼 전 블랙핑크 갑니다.,자 그럼 전 블랙핑크 갑니다.,1.0
1921,길들여 진다는 것이 이렇게 무서울 수 있다니..하지만 불쾌한 감정들..,길들여 진다는 것이. 이렇게 무서울 수 있다니.. 하지만 불쾌한 감정들..,1.0
5553,성룡이 카레서같이 했더는 자체가 어색 그 시작,성룡이 카레서같이 했더는 자체가 좀 어색 그 시작,1.0
5498,저도 망고 킬링 잘 할 수 있는데요...,저도 망고 킬링 잘 안 할 수 있는데요...,1.0
1909,받을 수 있냐고 요청이 왔습니다.,안 받을 수 있냐고 요청이 왔습니다.,1.0
5352,안성기가 김규리에 반하다니.. 무리수.,. 안성기가 김규리에 반하다니.. 무리수.,1.0
5346,예능+교양을 섞어야 사람들이 오래 재미있게 보는.,예능 + 교양을 잘 섞어야 사람들이 오래 재미있게 보는.,1.0
5798,그래서 사업자번호 및 회사 전화번호를 -(대시)를 빼고 입력되어있으면 어떨까..,- 그래서 사업자번호 및 회사 전화번호를 - ( 대시 ) 를 빼고 입력되어있으면 어떨까..,1.0
5728,오해하신 것 같다고 이야기할까 하다가 알아서 더 잘하라는 뜻으로 파악했습니다..ㅋㅋ,오해하신 것 같다고 이야기할까 하다가 알아서 좀 더 더 잘하라는 뜻으로 파악했습니다.. ㅋㅋ,1.0
1965,얼굴이 낯익다 했는데 모세 였군요,얼굴이 낯익다 고 했는데 모세 였군요,1.0
5836,다음에는 와인샵에서 뵙게 되면 좋겠네요~!,다음에는 와인샵에서 뵙게 되면 참 좋겠네요 ~!,1.0
2148,즉 한국 시장으로 치면 만관객이란 말.,"즉, 한국 시장으로 치면 만관객이란 말.",1.0
5605,대게 재밌게 봤는데 이게 한국꺼였구나...,대게 재밌게 봤는데. 이게 한국꺼였구나...,1.0
2107,넵 초대드렸습니다! (오전 중에 한다는게...),넵 초대드렸습니다!! ( 오전 중에 한다는게... ),1.0
1994,임권택 감독이 가장 후회하는 영화가 아닐까?,임권택 전 감독이 가장 후회하는 영화가 아닐까?,1.0
5755,국내 산업 좀 보호해주세요.,국내 산업 좀 더 보호해주세요.,1.0
2034,빌라에 사는데 다달이 관리비로 10만원씩 내고 있습니다,"빌라에 사는데, 다달이 관리비로 10만원씩 내고 있습니다",1.0
2474,단한곳. 단한명이서시간분동안 딴짓을 못하게 한다.,> 단한곳. 단한명이서시간분동안 딴짓을 못하게 한다.,1.0
2205,"문재인 대통령의 국립중앙박물관 사진을 보고, 경천사지 석탑의 전시개선","고 문재인 대통령의 국립중앙박물관 사진을 보고, 경천사지 석탑의 전시개선",1.0
5200,김희철과 예능심판자는 서로 안맞는듯..,. 김희철과 예능심판자는 서로 안맞는듯..,1.0
4101,박 일 보다 낫네요.,박 씨 일 보다 낫네요.,1.0
2656,안본 사람은 있어도 한번만 본사람은 없다는 그 전설의 애니인가? ㅋ,ㅋ 안본 사람은 있어도 한번만 본사람은 없다는 그 전설의 애니인가?? ㅋ,1.0
2734,"오오... 네 따로 검색해서 잘 공부해볼게요,",". 오오... 네 따로 검색해서 잘 공부해볼게요,",1.0
2773,정봉주와 여기자의 진실 또는 거짓에 대한 청원,ⓒ 정봉주와 여기자의 진실 또는 거짓에 대한 청원,1.0
3983,올해 한국 사극영화들 왜이럼?,- 올해 한국 사극영화들 왜이럼?,1.0
2782,기간제 정리하고 정규직 채용이 일자리 창출인가요!!!,"기간제 정리하고, 정규직 채용이 일자리 창출인가요!!!",1.0
2806,저도 홍콩에서 리콜 받았어요 ㅎ,저도 홍콩에서 리콜 받았어요. ㅎ,1.0
3916,오! 저도 요즘 다양한 요리에 도전중인데 멋져요!!,! 오! 저도 요즘 다양한 요리에 도전중인데 멋져요!!,1.0
3840,당신은 바다에서 올라올 이유가 있나요?,당신은 이 바다에서 올라올 이유가 있나요?,1.0
3786,준비해주신 분들 다들 감사드려요!!,잘 준비해주신 분들 다들 감사드려요!!,1.0
3725,곧 다가올 여름에는 종종 으로 냉각도 시킵시다,곧 다가올 올 여름에는 종종 으로 냉각도 시킵시다,1.0
3713,퇴근하고 자기전에보기 무겁지도않고 좋은프로~,퇴근하고 자기전에보기 무겁지도않고 ~ 좋은프로 ~,1.0
3695,업타운펑크가 엄청 그루비하게 나와서 놀랐어요ㅋㅋ,업타운펑크가 엄청 그루비하게 잘 나와서 놀랐어요ㅋㅋ,1.0
2931,앗. 아깝게 miss했습니다. (저도 초대가 안되었습니다.),앗. 아깝게 miss했습니다. 아 ( 저도 초대가 안되었습니다. ),1.0
3655,청와대..마지막으로 일 좀 하세요,청와대.. 마지막으로 일 좀 좀 하세요,1.0
3605,청갤 실명제로 어그로끄는 종자들을 적폐로 규정해주시고 무분별한 비판을 허용해주세요,"청갤 실명제로 어그로끄는 종자들을 적폐로 규정해주시고, 무분별한 비판을 허용해주세요",1.0
2945,제발 경기지역 골고루 차도에 자전거도로좀 깔아주세요...,제발 경기지역 골고루 차도에 자전거도로좀 잘 깔아주세요...,1.0
3518,이선균연기/목소리톤은 맨날 발전이 없다!,이선균연기 / 목소리톤은. 맨날 발전이 없다!,1.0
3436,저도 보는 순간 발견했습니다. ㅋㅋ,저도 보는 그 순간 발견했습니다. ㅋㅋ,1.0
2997,굿바이 레닌' 으로 한국에서 사기치기..,굿바이 레닌'으로 한국에서'사기치기..,1.0
3006,(현직 변호사) 사법 피해 호소문,"( 현직 변호사 ), 사법 피해 호소문",1.0
3032,단언컨데 기황후와 신의 선물에 치여서 이번주부터 %대 시청률로 꾸준히 갈듯.,단언컨데 기황후와 신의 첫 선물에 치여서 이번주부터 % 대 대 시청률로 꾸준히 갈듯.,1.0
3102,ㅋㅋㅋ 내년을 다시 기대하심이....,ㅋㅋㅋ 내년을 또 다시 기대하심이....,1.0
4105,진짜 내가 이종현이랑 강민혁볼라고사서봤긴봤는데 이건좀 아니다.,진짜 내가 이종현이랑 강민혁볼라고사서봤긴봤는데. 이건좀 아니다.,1.0
2621,이것도 꼭 투표 부탁드립니다 :),"이것도, 꼭 투표 부탁드립니다 : )",1.0
4181,저요!!! 어제부터 보는데 엄청 빠져들고 있어요 ㅋㅋ,아 저요!!! 어제부터 보는데 엄청 빠져들고 있어요 ㅋㅋ,1.0
4775,낼 저녁 급 번개를..?? ㅎㅎ,낼은 저녁 급 번개를..?? ㅎㅎ,1.0
2231,대한항공오너 유한주식회사세모오너 청해진해운오너 소쿠리상사오너들의공익사업근거로하여무죄기각구속장부미제무효신청합니다,"대한항공오너 유한주식회사세모오너, 청해진해운오너 소쿠리상사오너들의공익사업근거로하여무죄기각구속장부미제무효신청합니다",1.0
5162,사교육조장하는 각종 대회 교육청에서부터 자제해주세요,사교육조장하는 날 각종 대회 교육청에서부터 자제해주세요,1.0
2248,이영화도..근데 아흔에도 저게 안잊혀진단 말이죠....,이영화도.. 근데 아흔에도. 저게 안잊혀진단 말이죠....,1.0
2258,일자리 막는 과감한 규제 혁신'은 중단해야 한다.,일자리 막는 과감한 규제'혁신'은 중단해야 한다.,1.0
5143,"로컬스티치! 라는 공유오피스가 있는데 곧 신사, 가로수길점이 생간다고 들었어요!!","로컬스티치!! 라는 공유오피스가 있는데 곧 신사, 가로수길점이 생간다고 들었어요!!",1.0
5111,동의하지 않으셔도 되는데 꼭 읽어주세요,동의하지 않으셔도 되는데 꼭 잘 읽어주세요,1.0
5081,저도 빨리 나오면 좋겠네요 ㅋㅋㅋ,저도 빨리 나오면 좋겠네요. ㅋㅋㅋ,1.0
5071,엘처럼 멋지게 나도 살겁니당,엘처럼 멋지게 나도 잘 살겁니당,1.0
2300,또 얘기 많이 나눠요~!!,또 얘기 많이 좀 나눠요 ~!!,1.0
4846,네ㅋㅋ 알람 뜨더라고요! : ),네ㅋㅋ 알람 뜨더라고요! : - ),1.0
4664,지금 내가 나에게 해주고 싶은 말..,지금 내가 나에게 꼭 해주고 싶은 말..,1.0
4321,아니면 관세법이 잘못 된 것인가요?,아니면 관세법이 좀 잘못 된 것인가요?,1.0
4655,전 지금은 못가지만 한때 러버로서 눈팅으로라도 힐링하고자 조인햇슴니당,전 지금은 못가지만. 한때 러버로서 눈팅으로라도 힐링하고자 조인햇슴니당,1.0
4634,우와 저 기계는 뭔가요..!,우와 저 기계는 또 뭔가요..!,1.0
4621,저도 이번 달의 언젠가 졸업합니다..!,저도. 이번 달의 언젠가 졸업합니다..!,1.0
4601,지지율이 40% 대라고 ?? 믿을수없다!!,지지율이 40 % 대라고??? 믿을수없다!!,1.0
4520,대출규제 더 강하게 해야합니다 !!!!,대출규제 더 더 강하게 해야합니다!!!!,1.0
4463,증권사도 개혁해야 투자 활성화로 경제활동 좋아질듯,증권사도 개혁해야 … 투자 활성화로 경제활동 좋아질듯,1.0
4427,자 이제 시작이야 짤 넘나 적절! ㅋㅋㅋ,자 이제 시작이야 짤 넘나 딱 적절! ㅋㅋㅋ,1.0
4396,혹시 참여의사가 있지만 12월 3일 금요일 저녁 안되시는분 있을까요?!~,혹시 참여의사가 좀 있지만 12월 3일 금요일 저녁 안되시는분 있을까요?! ~,1.0
4344,삼청동에는 힙한 곳이 많군요...,. 삼청동에는 힙한 곳이 많군요...,1.0
4334,주목 받으면 힘들어한다고 하시니 주목이 필요할땐 저를 찾아주세요ㅎㅎ,주목 받으면 힘들어한다고 하시니 주목이 필요할땐 꼭 저를 찾아주세요ㅎㅎ,1.0
5904,시간이넘는닥터지바고도 거뜬히 보는 내가.,시간이넘는닥터지바고도. 거뜬히 보는 내가.,1.0
6342,VR이 있긴한데 PS4용이라서 쓸순 없을 것 같네요. ㅠ,"VR이 있긴한데, PS4용이라서 쓸순 없을 것 같네요. ㅠ",1.0
6007,어떤 장단점이 있는지 지금 불편한점은 어떤 부분인지 비용이 얼마인지 알려주시면 바로 검토해서 고고 해봅시다.,"어떤 장단점이 있는지, 지금 불편한점은 어떤 부분인지, 비용이 얼마인지 알려주시면 바로 검토해서 고고 해봅시다.",1.0
7986,그냥 웃길려고 버둥버둥 용쓰는 사람 지켜보는 안쓰러운 기분마저든다.,"그냥 웃길려고 버둥버둥, 용쓰는 사람 지켜보는 안쓰러운 기분마저든다.",1.0
861,책 살 돈 좀 주세요...,책 살 돈 좀 좀 주세요...,1.0
7839,큐넷 시험시간중 화장실 이용하게 해주세요!!,! 큐넷 시험시간중 화장실 이용하게 해주세요!!,1.0
796,잘 자라는 식물만 키워서 그런 것 같아요 ㅋㅋ,잘 자라는 게 식물만 키워서 그런 것 같아요 ㅋㅋ,1.0
7854,와 부럽... ㅠ ㅎ,와 부럽... ㅠ. ㅎ,1.0
7873,성수기 요금..왜 이리 비싼가요?,. 성수기 요금.. 왜 이리 비싼가요?,1.0
7936,아 큰 복이 내린다더니… ㅎㅎ,아 큰 복이 내린다더니 … … ㅎㅎ,1.0
678,난 가 최고다 를 봐라 보다 짱이다,난 가 최고다 를 봐라 가 보다 짱이다,1.0
896,아 오늘아니고 그저께에요 ㅎㅎ,아 오늘아니고 그저께에요. ㅎㅎ,1.0
663,"하베스트 자원외교는 사기,누적손실 4조 :철저히조사해주세요","하베스트 : 자원외교는 사기, 누적손실 4조 : 철저히조사해주세요",1.0
8184,거기에서 그런 느낌을 받으셨을 수도 있겠네요...,거기에서 그런 느낌을 받으셨을 수도 있 있겠네요...,1.0
8222,열 글자를 채우는게 아까운 영화,열두 글자를 채우는게 아까운 영화,1.0
612,이번주 초까지는 예쁘게 피어있을 것 같아요!,이번주 초까지는 예쁘게 피어있을 것 것 같아요!,1.0
608,무협영화를 좋아하게 만들어준 영화,무협영화를 더 좋아하게 만들어준 영화,1.0
8223,오우 .. 역시 보기 쉽지 않은 것 이었군요..!,. 오우.. 역시 보기 쉽지 않은 것 이었군요..!,1.0
892,배경화면 다시 찍어와야겠어요 ㅋㅋㅋ,배경화면 다시 찍어와야겠어요. ㅋㅋㅋ,1.0
7838,어찌 이 느낌을 한 줄의 글로 표현할 수 있을까...,어찌 이 느낌을 한 줄의 글로 표현할 할 수 있을까...,1.0
7275,불륜으로 인해 마음 아파하는 사람이 많습니다,불륜으로 인해 더 마음 아파하는 사람이 많습니다,1.0
1053,ㅋㅋ 심각한 오독을 했네요… 민망쓰,ㅋㅋ 심각한 오독을 했네요 … … 민망쓰,1.0
7346,"전기요금 이슈화 이제 그만, 이제 드루킹 특검 정국","전기요금 이슈화 이제 그만,, 이제 드루킹 특검 정국",1.0
7352,귀향??? 이란 제목도 억울하다...,. 귀향??? 이란 제목도 억울하다...,1.0
7372,볼 수록 빠져드는 마약같은 드라마 1화 부터 24화 까지 심심하지 않은 드라마였던 것 같다.,"볼 수록 빠져드는 마약같은 드라마. 1화 부터, 24화 까지 심심하지 않은 드라마였던 것 같다.",1.0
7398,X50 까지는 잘 안지켜질 가능성이 있을듯 한데.,X50 까지는 잘 안 안지켜질 가능성이 있을듯 한데.,1.0
7404,여하튼 많이 걷는 것이 최고이긴 합니다. ㅎ,여하튼 많이 걷는 것이 최고이긴 합니다.. ㅎ,1.0
7467,참 처음엔괜찮았는데 왜 뒤로갈수록 개판이냐?,"참, 처음엔괜찮았는데 왜 뒤로갈수록 개판이냐?",1.0
7604,국정원 특활비로 명품~ 적폐청산 앞으로의 방침,"국정원, 특활비로 명품 ~ 적폐청산 앞으로의 방침",1.0
7792,강문대 신임 청와대 사회조정비서관에 대하여,강문대 신임 전 청와대 사회조정비서관에 대하여,1.0
7631,그리고 노력하셨지만 사진 비율은 어쩔수 없었네요..ㅋㅋ,그리고 노력하셨지만 사진 비율은. 어쩔수 없었네요.. ㅋㅋ,1.0
7634,여자는 짐작만가지고 움직이지 않아요'이요원의 이말이 와닿는 요즘..,여자는'짐작만가지고 움직이지 않아요'이요원의 이말이 와닿는 요즘..,1.0
1710,"“어떻게 하면 더 잘 할수 있을까?,","“ 어떻게 하면 좀 더 잘 할수 있을까?,",1.0
7775,교대역.... 한번가봐야겠군요.. ㅎ 츄릅,. 교대역.... 한번가봐야겠군요.. ㅎ 츄릅,1.0
7791,코믹과 액션.. 진짜 밸런스 최고 ㅋㅋ,코믹과 액션.. 진짜. 밸런스 최고 ㅋㅋ,1.0
955,인터뷰도 짧게 포함되어 들어갈 수 있습니다.,인터뷰도 짧게 포함되어 들어갈 볼 수 있습니다.,1.0
8271,내가 원하는 스타일!!! 재치있는 영화~ 굿잡,내가 원하는 스타일!!!! 재치있는 영화 ~ 굿잡,1.0
553,"약간의 재주를 부린 과대망상에 의한 과대망상을 위한 과대망상자의 영화,","약간의 재주를 부린 후 과대망상에 의한 과대망상을 위한 과대망상자의 영화,",1.0
8341,보니까 불쌍해서 사랑해서 못먹고 포기하던데 명껀 어찌 먹은겨..?,보니까 불쌍해서 사랑해서 밥 못먹고 포기하던데 명껀 어찌 먹은겨..?,1.0
8930,남들 쉬는 휴일에 일하는 사람들의 권익좀 지켜주세요!,남들 쉬는 휴일에 일하는 사람들의 권익좀 꼭 지켜주세요!,1.0
8664,내가 내 나라에 있는데 불편하다,내가 내 나라에 와 있는데 불편하다,1.0
8688,바를 가지고 계신 분이 벌써 세 분,바를 가지고 와 계신 분이 벌써 세 분,1.0
214,참여연대를 위한 위원회 국민들은 없다,- 참여연대를 위한 위원회 국민들은 없다,1.0
197,8월에는 꼭 피티 받으러 가겠습니다 ㅎㅎ,올 8월에는 꼭 피티 받으러 가겠습니다 ㅎㅎ,1.0
8757,와~ 잘 자랐네요 ㅎㅎ,와 ~ ~ 잘 자랐네요 ㅎㅎ,1.0
8824,케이트 윈슬렛 몸 잘봤다,케이트 - 윈슬렛 몸 잘봤다,1.0
9053,박정민을 다시보게된 영화 ㅋㅋ,박정민을 다시보게된 영화. ㅋㅋ,1.0
507,주인공이 우리를 대변하는것 같아요.,주인공이 우리를 잘 대변하는것 같아요.,1.0
9072,헉 아몬드크로아상 ㅜㅜ미국 메이드 아몬드크로아상이라니ㅜ,헉 아몬드크로아상. ㅜㅜ미국 메이드 아몬드크로아상이라니ㅜ,1.0
9085,재가장기요양 재무회계. 84.3 너무 심합니다,# 재가장기요양 재무회계. 84. 3 너무 심합니다,1.0
9174,와~~ 쓰다보니 따라가고 싶네요 ㅎㅎㅎ,와 ~ ~ 쓰다보니 더 따라가고 싶네요 ㅎㅎㅎ,1.0
46,저는 왜 솥에 들어가계시나 했어요 ㅋㅋ,저는 또 왜 솥에 들어가계시나 했어요 ㅋㅋ,1.0
23,노래와 잘 어우러지는 영상 덕분인지 짧지만 강한 인상이 남네요..,노래와 잘 어우러지는 이 영상 덕분인지 짧지만 강한 인상이 남네요..,1.0
9250,형광도료를 써서 안전하게 잘 보일 수 있도록 도와주세요.,형광도료를 써서 더 안전하게 잘 보일 수 있도록 도와주세요.,1.0
8661,"주택가 도로에 일부러 소리내는 오토바이, 챠량 단속좀 합시다.","주택가 도로에 일부러 소리내는 오토바이, 챠량 단속좀 좀 합시다.",1.0
8654,오오 저도 방금 택배 받았는데 책같이 되어있네요 ㅎㅎㅎ,오오 저도 방금 택배 받았는데 책같이 되어있네요. ㅎㅎㅎ,1.0
290,아직은 낯선 컬트식 영화.,"아직은 낯선, 컬트식 영화.",1.0
8596,하늘밖에 안 보이는 걸 보니 최소 롯데타워네요..,하늘밖에 안 돼 보이는 걸 보니 최소 롯데타워네요..,1.0
8581,와 키보드 엄청 예쁩니다!!!!,와 키보드 엄청 넘 예쁩니다!!!!,1.0
8550,아.. 진짜 한 십년 지난 듯한 기분이,. 아.. 진짜 한 십년 지난 듯한 기분이,1.0
8518,내가 발로 디자인해도 725억짜리보다 더 잘만들수있다.,내가 발로 디자인해도 725억짜리보다 더 더 잘만들수있다.,1.0
8515,"영어를 듣고싶습니다, 시험이아닌 진짜영어요.","영어를 꼭 듣고싶습니다, 시험이아닌 진짜영어요.",1.0
8499,우왓!!! 첫캠핑 엄청 제대로 시작하셨네요!ㅎㅎ,! 우왓!!! 첫캠핑 엄청 제대로 시작하셨네요! ㅎㅎ,1.0
402,"다시 본 맬 깁슨,","다시 본, 맬 깁슨,",1.0
8448,정의를 위해 처벌 해주세요,법의 정의를 위해 처벌 해주세요,1.0
435,오오 이쁘네요 여기 ㅎㅎ,오오 넘 이쁘네요 여기 ㅎㅎ,1.0
8428,"드라마내용은좋고 주연진도 괜찮은데 박노예...., 앍","드라마내용은좋고 주연진도 괜찮은데 박노예....,.",1.0
445,"서로 프로젝트 관련 이야기도 하고, 어떻게 우리 회사를 알게 됐나, 등등 여러가지 이야기를 나눴습니다.","서로 프로젝트 관련 이야기도 하고, 어떻게 우리 회사를 알게 됐나,,, 등등 여러가지 이야기를 나눴습니다.",1.0
457,차로 확장을 자제 해 주십시요,가급적 차로 확장을 자제 해 주십시요,1.0
8426,제가 좋아하는 백예린의 커버 앨범이 나왔네요.,제가 좋아하는 백예린의 첫 커버 앨범이 나왔네요.,1.0
8391,유명한 데는 다 이유가 있었어요~,유명한 데는 다 이유가 다 있었어요 ~,1.0
1185,참가하실분들 댓글 부탁드립니당 ㅎ,참가하실분들 댓글 부탁드립니당. ㅎ,1.0
7637,물론 실물도 아이돌 같으심,"물론, 실물도 아이돌 같으심",1.0
6713,매력은 쥐똥만큼도 보이지 않는다.,매력은 쥐똥만큼도 잘 보이지 않는다.,1.0
6885,덕분에 서로 몰랐던 부분을 많이 알 수 있어서 한 껏 친해진 저만의 기분?? ㅋㅋ,덕분에 서로 몰랐던 부분을 많이 알 수 있어서 한 껏 껏 다 친해진 저만의 기분?? ㅋㅋ,1.0
1390,그리고 그 안경낀 애는 정말 짜증,아 그리고 그 안경낀 애는 정말 짜증,1.0
6836,일본여행 유의 국가로 지정해주세요...,일본여행 유의 국가로 꼭 지정해주세요...,1.0
6800,방송 개혁에 대한 재청구(내용 글 수정),방송 개혁에 대한 재청구 ( 내용 및 글 수정 ),1.0
1438,어디에다가 추가를 하는게 좋을까요?,어디에다가 추가를 하는게 더 좋을까요?,1.0
6637,다음에 식사시간 주위로 다른 전문연분들과도 같이 또 실개천 티타임 가져보면 좋을것 같아요!!,그 다음에 식사시간 주위로 다른 전문연분들과도 같이 또 실개천 티타임 가져보면 참 좋을것 같아요!!,1.0
6610,국방부 공사로인한 목장피해보상 요구,"국방부, 공사로인한 목장피해보상 요구",1.0
1517,공유가 필요하신 페이지 링크 공유주실 수 있을까요?,공유가 필요하신 페이지 링크 공유주실 알 수 있을까요?,1.0
6590,ㅎㅎㅎ 첫 댓글의 중요성. ㅋ,ㅎㅎㅎ 첫 댓글의 중요성.. ㅋ,1.0
6512,조금만 기다려 주시면 어떨까요? ㅎㅎ,조금만 기다려 봐 주시면 어떨까요? ㅎㅎ,1.0
6490,아니 술을 마시면서 봐도 좋으려나..,. 아니 술을 마시면서 봐도 좋으려나..,1.0
1562,저도 어제바꿨는데 바꾸면서 유효기간보고 깜놀..ㅋㅋ,저도. 어제바꿨는데 바꾸면서 유효기간보고 깜놀.. ㅋㅋ,1.0
6408,"딸을 지켜내기 위한 아빠의 사투,,,",", 딸을 지켜내기 위한 아빠의 사투,,,",1.0
6403,보건소 복지정책 어느지역이나 동등하길 청원합니다,보건소 복지정책 어느지역이나 다 동등하길 청원합니다,1.0
1598,고민을 함께 나눠주시며 줌바를 추천해주셨습니다!,"고민을 함께 나눠주시며, 줌바를 추천해주셨습니다!",1.0
1600,작가가 이런 대를 보내면서 자랐나봄...,작가가 늘 이런 대를 보내면서 자랐나봄...,1.0
6391,누구에게나 소감을 물어보면 답을 받을 수 있겠네용... ㅎㅎ,누구에게나 소감을 물어보면 답을 받을 알 수 있겠네용... ㅎㅎ,1.0
1622,지역인재 충남지역 대학 역차별,충남 지역인재 충남지역 대학 역차별,1.0
6384,낮은자가 더 낮은자를 섬기는 삶,더 낮은자가 더 낮은자를 섬기는 삶,1.0
6207,오~ 조만간 분갈이 해야 하는데 참고해서 잘 키워볼게요,오 ~ 조만간 분갈이 해야 하는데 참고해서 더 잘 키워볼게요,1.0
6200,너무잼있고 이재는 어떻게 해야되는 지알았어요 연애랑 사랑에대해서 여자친구,너무잼있고 이재는 어떻게 해야되는 지알았어요 연애랑 또 사랑에대해서 여자친구,1.0
6169,김빈종 채시라등 ㅈ더빙 정말 허접했지,김빈종 채시라등. ㅈ더빙 정말 허접했지,1.0
1669,오잉 제가 하면 좋은데 내용을 몰라서,오잉 제가 하면 더 좋은데 내용을 몰라서,1.0
6047,등기사항전부증명서(일명 등기부등본) 공신력인정을 해주세요,등기사항전부증명서 ( 일명 등기부등본 ) 로 공신력인정을 해주세요,1.0
6039,불편한 손님의 목숨이 끝난후 얘기는 시작된다,불편한 두 손님의 목숨이 끝난후 얘기는 시작된다,1.0
6013,악마의 씨'를 만든 감독 맞아?.,악마의'씨'를 만든 감독 맞아?.,1.0
6878,어쩐지 손이 잘 안가더라니..,. 어쩐지 손이 잘 안가더라니..,1.0
3149,아 또 보고싶은 영화...,"아, 또 보고싶은 영화...",1.0
1247,추가적으로 권한 부여가 필요한 경우 추가적으로 부탁드리겠습니다,추가적으로 권한 부여가 꼭 필요한 경우 추가적으로 부탁드리겠습니다,1.0
7209,우왕 저도 가상오피스 출근하고 싶습니다아!!!,우왕 저도 꼭 가상오피스 출근하고 싶습니다아!!!,1.0
7239,와 머죠……. 너무 귀여워요 흑흑 심멎,아 와 머죠 … …. 너무 귀여워요 흑흑 심멎,1.0
7172,#최저임금 결정방식 개편에 대한 의견,# # 최저임금 결정방식 개편에 대한 의견,1.0
1216,그래도 전 오덕은 안되겠습니다ㅠ,"그래도, 전 오덕은 안되겠습니다ㅠ",1.0
1350,서핑하러 가셔야 하는데 미세먼지 매우나쁨으로 못 가고 계신다는..ㅠㅠ,서핑하러 가셔야 하는데. 미세먼지 매우나쁨으로 못 가고 계신다는.. ㅠㅠ,1.0
1224,와~ 사진만 봐도 너무너무 좋네요.,와 ~ 사진만 딱 봐도 너무너무 좋네요.,1.0
1353,국회의원& 청와대 님들은... 발발이 였군요!!,. 국회의원 & 청와대 님들은... 발발이 였군요!!,1.0
6925,하루빨리 약해진 손목을 강화시켜야겠습니다 ㅎㅎ,하루빨리 약해진 손목을 강화시켜야겠습니다. ㅎㅎ,1.0
6945,울산은 오늘 날씨가 봄날씨네요..!,! 울산은 오늘 날씨가 봄날씨네요..!,1.0
1727,"새해를 맞이하여, 그동안 오랜동안 인턴으로 멋있게 활약해주신 <PERSON> 님께서 정규직으로 전환이 되셨습니다.","새해를 맞이하여, 그동안 오랜동안 인턴으로 멋있게 잘 활약해주신 < PERSON > 님 님께서 정규직으로 전환이 되셨습니다.",0.9999999999999999
7716,얻기 위해선 싸워야 한다 남이든 내가 되든,부를 얻기 위해선 싸워야 한다 남이든 내가 되든,0.9999999999999999
3286,"CS는 그래서 약간 희귀하기도 하고, 알콜도수도 들쭉날쭉합니다.","CS는 그래서 약간 더 희귀하기도 하고, 알콜도수도 들쭉날쭉합니다.",0.9999999999999999
5254,민주당 정권 대표께서 20년은 더해야 한다는데 조금더분발해서 30 년은 해야하지요,"민주당 정권 대표께서 20년은 더 더해야 한다는데, 조금더분발해서 30 년은 해야하지요",0.9999999999999999
5849,"줄거리를 보고 명준, 만갑, 천수, 강선생 총 번 이상의 정사씬이 나올꺼 같아 별 다섯개를 준다!!","줄거리를 보고 명준, 만갑, 천수, 강선생 총 세 번 이상의 정사씬이 나올꺼 같아 별 다섯개를 다 준다!!",0.9999999999999998
8879,항상 웨이팅 압박이 있어 못오다가 이번에 2시간 웨이팅 뚫고 왔는데 완전 추천드려요,"항상 웨이팅 압박이 있어 못오다가, 이번에 2시간 웨이팅 뚫고 다시 왔는데 완전 추천드려요",0.9815406764571104
8296,"세상에서 가장 사랑하는 사람들로부터 이해 받기 힘들었던, 위대한 사명감을 가진 사람의 슬픈 이야기 였습니다.","세상에서 가장 사랑하는 사람들로부터 가장 이해 받기 힘들었던, 위대한 사명감을 다 가진 사람의 슬픈 이야기 였습니다.",0.981185671415584
3831,"ㅋㅋ ‘갑서‘, ‘가게마씸’ 뉘앙스 차이 검증 했습니다","ㅋㅋ ㅋㅋ ‘ 갑서 ‘, ‘ 가게마씸 ’ 뉘앙스 차이 검증 했습니다",0.9800591612423196
1877,"ㅎㅎㅎ 이거 30분 열심히 하시면 1천보, 조금 빨리가면 20분 천, 한시간 3천 정도 됩니다.","ㅎㅎㅎ 그리고 이거 30분 열심히 하시면 1천보, 조금 빨리가면 약 20분 천, 한시간 3천 정도 됩니다.",0.980031441851391
5554,바다가 너무 예쁘지만 사람은 별로 없어서 한적하다고 하시네요!!,바다가 너무 예쁘지만 사람은 별로 없어서 너무 한적하다고 하시네요!!,0.9798805313938334
6755,2018년 29회 공인중개사 시험 이의문제 제기. 지금 뿐만 아니라 앞으로를 위해 꼭 좀 확인부탁드립니다.,2018년 29회 공인중개사 시험 이의문제 제기. 그리고 지금 뿐만 아니라 앞으로를 위해 꼭 꼭 좀 확인부탁드립니다.,0.9796604454218364
2306,혹시 기부에 관심 있으신 분들은 함께 참여해서 선한 영향력을 보여주면 좋을 것 같습니다!!,! 그리고 혹시 기부에 관심 있으신 분들은 함께 참여해서 선한 영향력을 보여주면 좋을 것 같습니다!!,0.9790939521479778
5638,저는 사실 우리 중에 제일 좋은 홈가드닝 환경 가지고 계시는 얘기가 제일 기대되는 ㅎㅎ,저는 사실 우리 중에 제일 안 좋은 그런 홈가드닝 환경 가지고 계시는 얘기가 제일 기대되는 ㅎㅎ,0.9775303822930251
1017,마지막에 있는 5단계 프로세스가 너무 와닿아서 슬프네요…,마지막에 있는 5단계 프로세스가 너무 너무 와닿아서 슬프네요 …,0.9770673562709633
3063,딸들을 변호하며 달려왔던 대부분의 시간이 부끄러워질 정도로.,딸들을 변호하며 달려왔던 대부분의 시간이 너무 부끄러워질 정도로.,0.976546333374047
4336,우리는 떠나는 새가 아니라 새가 앉아 쉴 수 있는 나무가지 입니다,우리는 그냥 떠나는 새가 아니라 새가 앉아 쉴 쉴 수 있는 나무가지 입니다,0.9761494675426322
7881,저도 연극부에서 의상 담당 했었던.. ㅋㅋ,ㅋㅋ 저도 연극부에서 의상 담당 했었던.. ㅋㅋ,0.9752225117522578
2578,역시나 오프로 처음 보는 분들이 많다는게 신기;;;,역시나 오프로 처음 보는 분들이 많다는게 너무 신기 ; ; ;,0.9750098350576994
6405,3번을 제가 다시 누르니 0표로 돼서 사라져서... 마지막으로 가버렸어요ㅠㅜㅠㅜㅠ,3번을 제가 다시 누르니 0표로 돼서 사라져서... 마지막으로 다시 가버렸어요ㅠㅜㅠㅜㅠ,0.9743050216156528
7580,직접 가서 먹으니 뜨끈한 우동이 같이 나와서 한그릇 더 시켰어요~,~ 그리고 직접 가서 먹으니 뜨끈한 우동이 같이 나와서 한그릇 더 시켰어요 ~,0.9732644264914379
845,"회사에서 집 오니 새벽 2시반, 야근이 싫어요!","회사에서 집 오니 새벽 2시반, 야근이 너무 싫어요!",0.973149817259575
3696,"기존 회사에서 2번과 같이 써왔어서 익숙해서 그냥 그렇게 쓰고는 있는데, 이렇게 쓸때마다 혹시나 불편하게 생각하시는 분이 계실까 싶어서 한 번 더 생각하게 되네요.","기존 회사에서 2번과 같이 써왔어서 익숙해서 그냥 계속해서 그렇게 쓰고는 있는데, 이렇게 쓸때마다, 혹시나 불편하게 생각하시는 분이 계실까 싶어서 한 번 더 생각하게 되네요.",0.9728196799258413
5206,github co-pilot은 제가 깜빡하기 쉬운 param을 넣어주거나 if 같은것의 조건들을 다 체크해줘서 편한것 같습니다.,github co - pilot은 제가 깜빡하기 쉬운 param을 다 넣어주거나 if 같은것의 조건들을 다 미리 체크해줘서 편한것 같습니다.,0.9717602349584988
1541,그래픽이 원래 이렇게 좋았나요? ㅋㅋ,ㅋㅋ 그래픽이 원래 이렇게 좋았나요? ㅋㅋ,0.9712499589681318
8004,"천국에 살고 있지도, 어떤 곳인지도 모르지만 이런 아이들이 천국에 없다면 그곳은 천국이 아닐 것이다.","천국에 살고 있지도, 어떤 곳인지도 잘 모르지만 이런 아이들이 천국에 없다면 그곳은 천국이 결코 아닐 것이다.",0.9711540049704943
8920,너무 작고 낑낑대는거 같아서 응원하게됨...,너무 작고 너무 낑낑대는거 같아서 응원하게됨...,0.9709850330957779
6065,과반도 넘지못하여 그냥 pro 계정을 쓰는것으로 ㅠ_ㅎㅎ,과반도 넘지못하여 그냥 pro 계정을 쓰는것으로. ㅠ _ ㅎㅎ,0.9709101458959483
878,30분이라는 짧은 시간이었지만 오디오만 들으면 반은 웃음소리였던 것 같은데요!,30분이라는 짧은 시간이었지만 오디오만 들으면 반은 그냥 웃음소리였던 것 같은데요!,0.9703976411232846
7256,어제 아침 바다 보러 나오신 분들이 부러워서 저희도 나왔습니다.,어제 아침 바다 보러 나오신 분들이 부러워서 저희도 같이 나왔습니다.,0.970259114973115
2920,후반의 하니 노래 우려먹기 약간은 애교로 봐줄 수 있음,후반의 하니 노래 우려먹기 약간은 그냥 애교로 봐줄 수 있음,0.969658140894605
6746,곰곰히 생각해보니 예전에 그런 규칙이 있었던 기억이 어렴풋이 나네요.,곰곰히 생각해보니 예전에 그런 규칙이 있었던 기억이 지금 어렴풋이 나네요.,0.9695943868779429
1925,역시 돈버는 사람과 못버는 사람은 같은 걸 보고도 다른 생각을 하게되나봅니다 ㅎㅎㅎ,"역시 돈버는 사람과 못버는 사람은 같은 걸 보고도 다른, 그런 생각을 하게되나봅니다 ㅎㅎㅎ",0.9692777952021737
4002,외관에서 느껴진 불안함은 실내 분위기와 음식맛으로 모두 불식 되었습니다.,외관에서 느껴진 모든 불안함은 실내 분위기와 음식맛으로 모두 불식 되었습니다.,0.9689780099849853
6615,12등! 좋은 논의 많이 된 것 같아서 좋습니당.,12등! 좋은 논의 많이 된 것 같아서 너무 좋습니당.,0.96868733520758
5468,오 저도 버터플라이 한단 모셔왔는데! ㅎㅎ,ㅎㅎ 오 저도 버터플라이 한단 모셔왔는데! ㅎㅎ,0.967150726676469
8684,헉스... 제가 맨날 계란후라이 꽃이라고 부르는 아이들 이름이 마가렛이었군요..ㅋㅋ,헉스... 제가 맨날 계란후라이 꽃이라고 부르는 아이들 이름이 바로 마가렛이었군요.. ㅋㅋ,0.9656961702878709
1742,윗집이 저희집을 너무 힘들게해요,윗집이 너무 저희집을 너무 힘들게해요,0.9656147589718005
4020,두 대표 섹시배우가 모였는데도 그리 섹시하지 않는다,두 대표 섹시배우가 모였는데도 그리 많이 섹시하지 않는다,0.965380425022681
1551,꺄아! 저 진짜 눈치도 없이 냅따 따라 붙을거에요!! ㅋㅋ,꺄아! 저 진짜 눈치도 없이 그냥 냅따 따라 붙을거에요!! ㅋㅋ,0.9653553258912964
4887,스윙스의 의가사 제대와 랩과외로 인한 수익활동!?,그리고 스윙스의 의가사 제대와 랩과외로 인한 수익활동!?,0.9652911254550013
2127,다영이 엄마가 죽을때 대마왕 심장을 왜알려줘.,그리고 다영이 엄마가 죽을때 대마왕 심장을 왜알려줘.,0.9652911254550013
8346,변호사시험 5탈제도가 사법고시보다 훨씬 타격도 크고 안좋은 제도입니다,변호사시험 5탈제도가 다른 사법고시보다 훨씬 타격도 크고 안좋은 제도입니다,0.9651293749053147
7125,쿨하게 이해해 주신것 맞죠? ㅎㅎ,너무 쿨하게 이해해 주신것 맞죠? ㅎㅎ,0.9649815538693048
4519,샌프란에서 모히또 너무 좋은데요!!?,샌프란에서 모히또 너무 너무 좋은데요!!?,0.9648446355021216
8243,따릉이 너무 좋죠 ㅜㅜ,따릉이 너무 너무 좋죠 ㅜㅜ,0.9648446355021216
3954,저희 집 냥이면 좋겠지만 인터넷에서 찾은 짤이에요,저희 집 냥이면 좋겠지만 인터넷에서 많이 찾은 짤이에요,0.9648262048011816
5052,수많은 숏컷을 잘라다 붙인 너덜너덜한 영상.,그리고 수많은 숏컷을 잘라다 붙인 너덜너덜한 영상.,0.9646937269338065
2966,"그 다음엔 와이프가 나가고, 결국 나 혼자울면서 봤다.","그리고 그 다음엔 와이프가 나가고, 결국 나 혼자울면서 봤다.",0.9646937269338064
1214,스타 분들의 생각도 시간되실 때 스레드로 남겨주심 넘 좋을 거 같아요 !!,스타 분들의 그 어떤 생각도 시간되실 때 스레드로 남겨주심 넘 좋을 거 같아요!!,0.964466980267561
3123,제프 딘이 최근에 TED에서 강연한 영상이 있어서 보게되었습니다.,제프 딘이 가장 최근에 TED에서 강연한 영상이 있어서 보게되었습니다.,0.9643967742237641
7582,"간판, 광고물, 홍보물 등에 반드시 한글 병기를 원칙으로 해주세요","간판, 광고물, 홍보물 등에 반드시 반드시 한글 병기를 원칙으로 해주세요",0.9642648135057406
1377,반담과 노리스 앳킨스 가 나와 더욱 활기찼다,그리고 반담과 노리스 앳킨스 가 나와 더욱 활기찼다,0.9640753966592256
863,"전화도 안받고,단속 인원 없다고 모르세로 접수 받고 엉망이네요","전화도 제대로 안받고, 단속 인원 없다고 모르세로 접수 받고 엉망이네요",0.963383380768184
4989,섣부른 종전선언과 대한민국의 일방적 무장해제를 반대합니다,그리고 섣부른 종전선언과 대한민국의 일방적 무장해제를 반대합니다,0.963317772577183
1340,가히 명예도민 수준의 로컬력을 확인할 수 있었습니다.,그리고 가히 명예도민 수준의 로컬력을 확인할 수 있었습니다.,0.9633177725771829
6388,써치코인으로 인해 계속적인 피해자가 생기고 있습니다.,써치코인으로 인해 계속적인 피해자가 많이 생기고 있습니다.,0.9630550493240535
5677,헤헷 자꾸 동여매서 결국 똑같아지는 중이예용ㅋㅋ,헤헷 자꾸 동여매서 ㅋㅋㅋ 결국 똑같아지는 중이예용ㅋㅋ,0.9628548561480765
8632,저도 선드립 후검색...! ㅋㅋ,ㅋㅋ 저도 선드립 후검색...! ㅋㅋ,0.9628083870957693
7176,숨기고 싶었던 이야기가 공감이 되어 힐링이 된다.,숨기고 싶었던 모든 이야기가 공감이 되어 힐링이 된다.,0.962337166429025
8727,조만간 어멍에서 맛있는 닭갈비와 막국수 먹을 수 있으면 좋겠네요!!!,그럼 조만간 어멍에서 맛있는 닭갈비와 막국수 먹을 수 있으면 좋겠네요!!!,0.9623298513321792
2689,워낙 어린아이들이 많이봐서 시끄럽긴했지만요...ㅎ,워낙 어린아이들이 너무 많이봐서 시끄럽긴했지만요... ㅎ,0.9622258547975945
8134,청소년이 만든 영화수준 점수에 혹해서 봤는데 진짜 낚였어요,청소년이 직접 만든 영화수준 점수에 혹해서 봤는데 진짜 낚였어요,0.9621212126679087
2296,"저희 고양이는 한 발은 벽을 짚고, 나머지 한 발은 굽히네요 ㅋㅋ","ㅋㅋ 근데 저희 고양이는 한 발은 벽을 짚고, 나머지 한 발은 굽히네요 ㅋㅋ",0.9617037348301353
4613,"건강의 중요성, 스트레스 해소법, 음식 얘기, MBTI 등 다양한 주제로 얘기를 나눴고 너무 즐거운 시간이었습니다! ㅎㅎ","건강의 중요성, 스트레스 해소법, 음식 얘기, MBTI 분석 등 다양한 주제로 얘기를 나눴고, 너무 즐거운 시간이었습니다! ㅎㅎ",0.9615937492827491
4948,"독도는 대한민국의 영토이며, 독도의 주인은 대한민국 국민이다' 라는 공식적인 발언 한번만 부탁드립니다.","' 독도는 대한민국의 고유 영토이며, 독도의 주인은 대한민국 국민이다'라는 공식적인 발언 한번만 부탁드립니다.",0.9613533945025443
7207,쿠퍼 화보촬영하듯 아름답게 가셨네,쿠퍼 화보촬영하듯 너무 아름답게 가셨네,0.9612469230636578
6734,진정한자유는 관심도 파괴도 사랑도 아닌 망각임을..,진정한자유는 관심도 아닌 파괴도 사랑도 아닌 망각임을..,0.9611147612915254
702,내장칩도 있는 도난신고된 반려견을 식용으로 잡을려고한 개장수를 처벌해주세요,내장칩도 있는 도난신고된 반려견을 위해 식용으로 잡을려고한 개장수를 처벌해주세요,0.961045628090962
14,아래는 게임 내에서 함께 팀을 맺고 캡쳐한 이미지입니다.,아래는 모두 게임 내에서 함께 팀을 맺고 캡쳐한 이미지입니다.,0.9602701152010157
7449,제주 자연 바닷바람 맞다가 혼탁한 서울 공기가 괜찮을까 염려되었능데 잘 자라주는 것 같아 고맙네요.,제주 자연 바닷바람 맞다가 혼탁한 날 서울 공기가 괜찮을까 염려되었능데 잘 자라주는 날인 것 같아 고맙네요.,0.9600984787903386
3018,대박…5분대인데 24/46위라니 다들 얼마나 잘 뛰는거죠,대박 … 5분대인데 24 / 46위라니 다들 지금 얼마나 잘 뛰는거죠,0.9600616588559967
5358,슬프지만 의견을 남길 수가 없는 것 같습니다 ;ㅁ;,슬프지만 의견을 많이 남길 수가 없는 것 같습니다 ; ㅁ ;,0.9600456818099453
1481,그러고 주말에는 꿀 같은 휴식과 약간의 밀린업무..! 를 하셨다고.. ㅎㅎ,"그러고 주말에는 꿀 같은 휴식과 함께, 약간의 밀린업무..! 를 하셨다고.. ㅎㅎ",0.9597696655920305
742,너무 멋진 뷰를 보여주셔서 깜짝놀라고 말았네요ㅎㅎ,너무 멋진 뷰를 보여주셔서 정말 깜짝놀라고 말았네요ㅎㅎ,0.9597531575651922
7694,역시나 초반 주제는 채용과 관련된 내용들이었는데 피플팀 걱정을 많이 해주셔서 정말 감사했습니다.^^,역시나 초반 주제는 채용과 직접 관련된 내용들이었는데 피플팀 걱정을 정말 많이 해주셔서 정말 감사했습니다. ^ ^,0.9597381704597365
8482,연휴동안 읽어보고 공유하면 좋을 구문들 바리바리 싸들고 와보겠습니다.,이번 연휴동안 읽어보고 공유하면 좋을 구문들 바리바리 싸들고 와보겠습니다.,0.9597113187082978
7826,"엔딩크래딧이 올라가고,개월동안 지켜온 금연에 심각한 위기가 온다.","엔딩크래딧이 올라가고, 개월동안 지켜온 금연에 대해 심각한 위기가 온다.",0.9595672081744313
2505,"우선 오늘 새롭게 오픈된 ""AI 교육 콘텐츠 개발/운영 매니저"" JD 공유 드립니다!!","우선 오늘 새롭게 오픈된 카페 "" AI 교육 콘텐츠 개발 / 운영 매니저 "" 와 JD 공유 드립니다!!",0.9595310337419186
2891,어릴때 감동에 파도가 쳤었는데....수남이 목소리 김용건씨가 한거 아닌가요??,어릴때 감동에 파도가 쳤었는데.... 수남이 목소리 김용건씨가 잘못 한거 아닌가요??,0.959491555051032
8903,무사히 잘 돌아가셔서 정말 다행이예요.,무사히 잘 돌아가셔서 정말 정말 다행이예요.,0.959237968680899
8783,출산 장려를 위한 혜택기준 완화,출산 장려를 위한 위한 혜택기준 완화,0.9587793641005345
5349,버니 샌더스를 미국 대통령으로 만들어주십시오.,그리고 버니 샌더스를 미국 대통령으로 만들어주십시오.,0.958773196793836
998,태극기 집회에 쓰이는 태극기 훼손에 관한 처벌,태극기 집회에 쓰이는 태극기 훼손에 이에 관한 처벌,0.9587089577880508
9004,"고교에 학생 평가 자료를 요구하는 것, 그만해 주세요.","고교에 학생 평가 관련 자료를 요구하는 것, 그만해 주세요.",0.9586737889799577
6854,장애6등급도 장애인 자동차 주차 가능하게 해 주시면 안되나요??,그럼 장애6등급도 장애인 자동차 주차 가능하게 해 주시면 안되나요??,0.9586507934165245
232,"환경부가 4대강 중 남한강 이포보 개방으로 모래톱 드러나고 조개 폐사 위기가 닥치자 매일 10명이 재첩 주워다 강 속으로 던져, 세금 1300만원 들어갔습니다.","환경부가 4대강 중 남한강 이포보 개방으로 모래톱 드러나고, 조개 폐사 위기가 불어 닥치자 매일 10명이 재첩 주워다 강 속으로 던져 던져, 세금 1300만원 들어갔습니다.",0.958144841503795
591,식인 영화 치고는 영상미가 있다.,식인 영화 영화 치고는 영상미가 있다.,0.9580841098926217
4558,제 눈에 몇몇개는 그래도 괜찮아 보이는… ㅋㅋㅋ,제가 눈에 몇몇개는 그래도 괜찮아 보이는 … ㅋㅋㅋ,0.9579495307178455
8003,대박! 아니 비주얼이 너무 충격적으로 멋진데요?!,대박! 아니 비주얼이 정말 너무 충격적으로 멋진데요?!,0.9576204568614729
3187,"적폐, 불법, 나태 공무원의 처벌은 정확하고 빠르게 해주세요","적폐, 불법 불법, 나태 공무원의 처벌은 정확하고 빠르게 해주세요",0.9574993440570674
5914,"명절, 제사음식의 기름진 음식 가짓수 줄이기 캠페인 청원합니다","명절, 명절 제사음식의 기름진 음식 가짓수 줄이기 캠페인 청원합니다",0.9574963517001156
8865,"저의 최근 고민, 퇴근 후 어떤 것을 계획하고 있는지 등등 여과없이 털어놔버렸네요","그리고 저의 최근 고민, 퇴근 후 어떤 어떤 것을 계획하고 있는지 등등 여과없이 털어놔버렸네요",0.957493974538955
7859,현재 올려주신 내용을 토대로 ver1.1 페이지를 만들었습니다.,현재 올려주신 내용을 모두 토대로 ver1. 1 페이지를 만들었습니다.,0.957393338383008
6186,27인치 모니터만 있으면 완벽한 몰입가능하겠습니다.,27인치 모니터만 있으면 정말 완벽한 몰입가능하겠습니다.,0.9571096826124155
1167,아마 내부에 스테프 있어서 돌리시는 중일듯요.,아마 아마 내부에 스테프 있어서 돌리시는 중일듯요.,0.9567279939125553
7749,"아, 이 이 글을 보며… 테니스 그만 땡땡이 치고 열심히 배워야겠다고 다짐! ㅎㅎ","ㅎㅎ 아, 오늘 이 이 글을 보며 … 테니스 그만 땡땡이 치고 열심히 배워야겠다고 다짐! ㅎㅎ",0.9563888903481829
7622,그걸 믿고 한국에서 비싸게 수입했는데..,그걸 믿고 한국에서 비싸게 많이 수입했는데..,0.9562896343110159
6043,결혼 이후에는 요리에 관심이 생겨 다양한 요리에 도전하셨는데 온갖 재료로 김밥을 말아보는 시도를 하시고 김밥은 항상 맛있다는 결론을 얻으셨다고 합니다.,결혼 이후에는 김밥 요리에 관심이 생겨 다양한 요리에 많이 도전하셨는데 온갖 재료로 김밥을 직접 말아보는 시도를 하시고 김밥은 항상 맛있다는 결론을 얻으셨다고 합니다.,0.9562662813966905
6557,"여행 이야기도 했는데요, 둘다 혼자 여행도 많이 다녔는데 이젠 혼자 고생하면 서럽더라는 결론이 났습니다.","여행 이야기도 했는데요, 저희 둘다 혼자 여행도 많이 하고 다녔는데 이젠 혼자 고생하면 서럽더라는 결론이 났습니다.",0.9560263498358205
2975,안타깝게도 처음부터 끝까지 전혀 이해할 수 없는 내용의 연속...,안타깝게도 처음부터 끝까지 전혀 제대로 이해할 수 없는 내용의 연속...,0.95591726505345
1942,지금 추세는 약간 떨어진다고는 합니다만 여전히 너무 비싸죠..,지금 추세는 약간 떨어진다고는 합니다만 그래도 여전히 너무 비싸죠..,0.9556453123129874
1410,"웃긴게 비디오시절 편을 (공포의 세계)로, 편을 편인냥 출시했단 사실. 여튼 비추","웃긴게 비디오시절 편을 ( 공포의 세계 ) 로, 편을 다른 편인냥 출시했단 사실. 근데 여튼 비추",0.9555245432163395
3748,"북한인민은 잘 살수있다는 희망이라도 있지만, 우리는 노력해도 집한채도 마련못하니 그저 포기하는게 빠를거같습니다.","북한인민은 잘만 살수있다는 희망이라도 있지만, 우리는 노력해도 집한채도 마련못하니 그저 포기하는게 더 빠를거같습니다.",0.9554554917842494
653,나중에 B2C 서비스 만든다고 하면 이런 것 만들고 싶네요.,나중에 B2C 서비스 만든다고 하면 이런 것도 만들고 싶네요.,0.9554530632371765
2076,혹시 이중에 마음에 드는 디자인이 있으신 분은,그런데 혹시 이중에 마음에 드는 디자인이 있으신 분은,0.9551725864984071
8814,BMW 리콜 대상 차량 전부 환불요청~!!,BMW 리콜 대상 모든 차량 전부 환불요청 ~!!,0.9549432243882234
6621,가짜 농어민들을 찾아내어 합당한 건강보험료를 부과해주세요.,가짜 농어민들을 직접 찾아내어 합당한 건강보험료를 부과해주세요.,0.9546793467663163
1753,택배사의 횡포 정말 정신나간 택배직원이 있네요.,택배사의 이런 횡포 정말 정신나간 택배직원이 있네요.,0.9543983908376497
2465,사명감을 가지고 일하는 국제결혼회사 불법영업회사들을 엄벌하여주시길 바랍니다.,사명감을 가지고 열심히 일하는 국제결혼회사 불법영업회사들을 엄벌하여주시길 바랍니다.,0.9543775219241664
744,한번쯤 이런 인연을 만나는 것도 복이지..,한번쯤 이런 인연을 다시 만나는 것도 복이지..,0.9543261368629352
6257,살아있는 생명을 그대로 요리하는 것 금지해주세요,그리고 살아있는 생명을 그대로 요리하는 것 금지해주세요,0.9543151647414002
6793,ㅋㅋ 아 맞네요 예시로 든 것들에 집중하다가 제가 핵심 주제를 까먹은듯ㅋㅋ,ㅋㅋ 아 맞네요 ㅋㅋ 예시로 든 모든 것들에 집중하다가 제가 핵심 주제를 까먹은듯ㅋㅋ,0.9541754734378092
7871,저 근데 쫄보라서 그냥 안들어가기로했습니다....,저 근데 쫄보라서 그냥 그냥 안들어가기로했습니다....,0.9538260476341823
2274,와 떡돌린 때가 한 3년 전인거 같은데 겨우 1년 전이라니,와 떡돌린 때가 벌써 한 ~ 3년 전인거 같은데 겨우 1년 전이라니,0.9537799500512318
2947,대한민국 모든 기술자는 기술자를 관리한다고 하는 관리기관과 협회가 등골을 빼먹는 기관입니다,대한민국 모든 모든 기술자는 기술자를 관리한다고 하는 관리기관과 협회가 서로 등골을 빼먹는 기관입니다,0.9537726741700926
6252,계속 도망가봤자 어차피 나라 손바닥안에 있죠,계속 도망가봤자 어차피 우리 나라 손바닥안에 있죠,0.9535965028038484
4423,인터넷 휴대폰 구입시 정말 아쉬운 부분,인터넷 휴대폰 구입시 정말 아쉬운 부분 부분,0.9535870385181787
1796,코로나 격리로 미뤄졌던 기자님들과의 약속으로 매우 바쁘신 상황이시라고 합니다..!,코로나 격리로 미뤄졌던 기자님들과의 약속으로 매우 바쁘신 상황이시라고 생각 합니다..!,0.9535654508306155
1307,지금 제 혼이 비정상 입니다.,지금 제 혼이 지금 비정상 입니다.,0.9534824658150014
7353,오.. 그렇군요! 사천 남해.. 너무 좋던데…,오.. 정말 그렇군요! 사천 남해.. 너무 좋던데 …,0.9534721110576307
8118,탈취당한 자산 100억 원대 회사를 찾아 주십시오.,탈취당한 회사 자산 100억 원대 회사를 찾아 주십시오.,0.9534387923503496
7351,왜 탕평책이 않되는지 왜 좌경적 성향이 짙은지 ?,왜 이런 탕평책이 않되는지 왜 좌경적 성향이 짙은지?,0.9531623221916836
2666,게임물 관리 위원회 일명 게등위에 관한 감사를 신청합니다,게임물 관리 위원회 일명 게등위에 이에 관한 감사를 신청합니다,0.9531160770095469
77,저는 뭔가 대나무처럼 크는 형태일 줄 알았는데 신기하네요,저는 이게 뭔가 대나무처럼 크는 형태일 줄 알았는데 신기하네요,0.9529527517443561
22,답답할 때 보면 속이 뻥 뚫릴 것 같아요,답답할 때 보면 정말 속이 뻥 뚫릴 것 같아요,0.952776491851059
8685,이상하게 이 작품을 매주 보았단 말이야 (중간만),그런데 이상하게 이 작품을 매주 보았단 말이야 ( 중간만 ),0.9526797900417899
4456,2019년 1월1일 신년특집 JTBC뉴스룸을 청와대에서 방송해주세요,2019년 1월1일 신년특집 JTBC뉴스룸을 청와대에서 바로 방송해주세요,0.9526797900417899
2281,제일 가까운 한분께 선물 드립니다. ㅋㅋ,제일 제일 가까운 한분께 선물 드립니다. ㅋㅋ,0.9526007228334034
3412,다띄워놓고 돌려도 아직도 램이 남아요.,그냥 다띄워놓고 돌려도 아직도 램이 남아요.,0.9525584764613144
5029,"그간 모든 대통령이 실패했던 건 제도 잘못돼서가 아니라 사람이 잘못됐기 때문,","그간 모든 게 박근혜 대통령이 실패했던 건 제도 잘못돼서가 아니라 사람이 잘못됐기 때문,",0.9525536280506746
6451,아니라면 저로서는 감사할 일이지만..ㅎㅎ,아니라면 저로서는 정말 감사할 일이지만.. ㅎㅎ,0.9525117185625657
3866,현재 참여 기업을 모집하고 있습니다.,현재 참여 기업을 많이 모집하고 있습니다.,0.9524050517418983
2079,기업들 해외로 다 나갈려고 한다(18년차 근무자가 쓴글),기업들 해외로 다들 나갈려고 한다 ( 18년차 근무자가 쓴글 ),0.952403521993859
1704,자동차 사고 났을 때 '자기 부담금' 너무 크다.,그런데 자동차 사고 났을 때'자기 부담금'너무 크다.,0.9523966211378138
4333,오~ 한개 뿌리에 저 정도 달린건가요?,오 ~ 한개 뿌리에 저 정도 정도 달린건가요?,0.9522423911750036
2359,피해학생을 두번 죽이며 오히려 자살을 조장하는 허울뿐인 학교폭력위원회의 심각성을 고발합니다!!,피해학생을 두번 죽이며 오히려 자살을 조장하는 등 허울뿐인 학교폭력위원회의 총체적 심각성을 고발합니다!!,0.9521876574737826
1591,일단 제가 아는 멤버들 중에는 없는것 같습니다.,일단 제가 아는 다른 멤버들 중에는 없는것 같습니다.,0.9520617965695017
8273,수년째 같은장소에서 사업자만바꿔 동성성매매가 이뤄지고 있습니다,수년째 같은장소에서 다른 사업자만바꿔 동성성매매가 이뤄지고 있습니다,0.9520090263019838
8538,용기내어 발표해준 캠퍼에게 감사와 격려의 표시도 듬뿍 해주세요!,또한 용기내어 발표해준 캠퍼에게 감사와 격려의 표시도 듬뿍 해주세요!,0.9518660108074898
5763,"요리도 잘하셔서 김밥, 케밥, 닭갈비를 만든다고 해요.","그래서 요리도 잘하셔서 김밥, 케밥, 닭갈비를 만든다고 해요.",0.9516182418869098
5877,2월에는 좀더 업그레이드 된 모습으로 찾아뵙겠습니다.,2월에는 다시 좀더 업그레이드 된 모습으로 찾아뵙겠습니다.,0.9515448952724708
580,김생민 방송 그대로 하세요 힘을 보태요,김생민 방송 그대로 함께 하세요 힘을 보태요,0.951512020413916
7321,ㅋㅋㅋ 정식 오픈은 아직 좀 멀었습니다. ㅋ,ㅋㅋㅋ 아직 정식 오픈은 아직 좀 멀었습니다. ㅋ,0.9511380161727507
8772,우선순위 <PERSON> 님이 검정 선택하시면 제가 흰색 m 가져갈게요!!,우선순위 < PERSON > 입니다 님이 검정 선택하시면 제가 흰색 m 가져갈게요!!,0.9510869992517611
7671,값으로 헤아릴 수 없는 보물은 바로 역사다.,값으로 헤아릴 수 없는 보물은 바로 우리 역사다.,0.951048800824797
7623,"아니면, 내가 악몽을 꾸고 있는 걸까?","아니면, 지금 내가 악몽을 꾸고 있는 걸까?",0.9510235264807393
7217,미세먼지 감축을 위한 LPG/LNG차량 규제 철폐 의뢰의 건,미세먼지 감축을 위한 LPG / LNG차량 규제 전면 철폐 의뢰의 건,0.9508666389472232
3989,밥과 물을 멀리 떨어뜨려보시는 것을 추천!,밥과 함께 물을 멀리 떨어뜨려보시는 것을 추천!,0.9508636569086784
6534,거터 볼 인생과 공동체 갈등의 안녕을 이룬 기지 있는 커밍 아웃,"거터 볼 인생과 공동체, 갈등의 시대 안녕을 이룬 기지 있는 커밍 아웃",0.9506375688909977
1386,그래도 이번엔 혼자서 고생하는건 아니군 둘이네,그래도 이번엔 서로 혼자서 고생하는건 아니군 둘이네,0.9498763930332088
3168,"비오는 날 무거운 몸을 이끌고, 토요일 저녁 한시간 뛰기 하고 왔습니다.","비오는 날, 무거운 몸을 이끌고, 토요일 저녁 한시간 뛰기 하고 돌아 왔습니다.",0.949645704363366
9175,공아정...말 안되는 캐릭터인 것은 알겠지만 제발 옷이라도 똑바로 입고 있었으면...,공아정... 말 안되는. 개그 캐릭터인 것은 알겠지만 제발 옷이라도 똑바로 입고 있었으면...,0.9496425970082213
1370,연휴 때는 부디!!! 밀린 넷플릭스 콘텐츠 다 섭렵하시길 바라겠습니닷!! ㅎㅎㅎ,연휴 가실 때는 부디!!!! 밀린 넷플릭스 콘텐츠 다 섭렵하시길 바라겠습니닷!! ㅎㅎㅎ,0.9494184817409437
6742,용산 기지 부지. 군인과 국가유공자를 위한 고시원(스터디센터) 개조 청원.,용산 기지 부지. 군인과 민간인 국가유공자를 위한 고시원 ( 스터디센터 ) 개조 청원.,0.9493361805992083
3389,리모션 셀피가 live photo 기능도 제공하네요.,리모션 셀피가 아닌 live photo 기능도 제공하네요.,0.9492216323438385
6821,스위스 융프라호에서 컵라면 먹는 것이 한때 유행이였죠 ㅎ,그래서 스위스 융프라호에서 컵라면 먹는 것이 한때 유행이였죠 ㅎ,0.9492194525535717
3671,남성인권 보호를 위해 '꽃뱀 알림 E' 서비스가 필요합니다,남성인권 보호를 위해'꽃뱀 알림 E'라는 서비스가 필요합니다,0.9492194525535717
6517,직접 외부인을 Viewer로 초대하는 것도 괜찮나요?,혹시 직접 외부인을 Viewer로 초대하는 것도 괜찮나요?,0.9491495407150172
7564,여러 생각을 하게 만드는 군요!!,여러 생각을 하게 만드는 군요 군요!!,0.9490722700562386
6513,키예슬로프스키 감독 영화는 제목부터가 반은 먹고 들어간다,그러나 키예슬로프스키 감독 영화는 제목부터가 반은 먹고 들어간다,0.9490435557435262
2485,"오, 캡틴! 마이 캡틴!","오, 마이 캡틴! 마이 캡틴!",0.948683298050514
9200,니콜라스 케이지 전성기 시절 작품.,니콜라스 케이지 케이지 전성기 시절 작품.,0.948683298050514
7341,"그나마 구할 수 있는 것이 뉴스 도메인인데요,","그나마 그나마 구할 수 있는 것이 뉴스 도메인인데요,",0.9486688224834503
2867,참 미안한 마음이 많이 드는 비디어 네요.,참 미안한 마음이 많이 드는 그런 비디어 네요.,0.9485317340040837
3855,두자매 JTBC 스포라이트로 비춰 주세요...,두자매 JTBC 스포라이트로 다시 비춰 주세요...,0.948391396903333
1601,"그냥 큰 음쓰통을 살까도 생각했는데, 냄새가 너무 나겠더라구요","그냥 큰 음쓰통을 살까도 하고 생각했는데, 냄새가 너무 나겠더라구요",0.9480305037639915
1215,오 저번에 1일 무료체험이 가능하다고 하셨던 것 같은데!,오 저번에 1일 무료체험이 가능하다고 하셨던 것도 같은데!,0.9479775455647297
7761,한마디로 '지렁이도 밟으면 꿈틀거린다'.,그리고 한마디로'지렁이도 밟으면 꿈틀거린다 '.,0.9479507385989607
3576,"미투운동을 경,검찰에게 맏기도록 했으면 합니다.","미투운동을 경, 검찰에게 맏기도록 했으면 했으면 합니다.",0.947949975867121
8914,Cj 올리브영 사고 관련 알리고자 합니다.,오늘 Cj 올리브영 사고 관련 알리고자 합니다.,0.9479463962532964
5219,연말 남는 예산으로 도로공사하는 폐단을 없애서 세금낭비를 막아주시길,연말 남는 예산으로 도로공사하는 폐단을 없애서 세금낭비를 최대한 막아주시길,0.9478205307220935
4075,미용업계에 현실에 대해서 말씀드립니다.,미용업계에 현실에 대해서 많이 말씀드립니다.,0.9474044816329155
6430,아무래도 처음뵙다보니 주로 우리 회사에서 어떤일을 하시고 계신지 캐치업하는 자리였던것 같습니다!!,아무래도 처음뵙다보니 주로 지금 우리 회사에서 어떤일을 하시고 계신지 캐치업하는 그런 자리였던것 같습니다!!,0.9472917801790373
2553,기타노의 색이 유난히 잘 표현된 영화다.,기타노의 색이 가장 유난히 잘 표현된 영화다.,0.947215722900105
2846,미국의 제 51번째주로 들어가는게 생각좀 해보시죠?,그럼 미국의 제 51번째주로 들어가는게 생각좀 해보시죠?,0.947215722900105
1154,난 꿈을 꾼다 그러니 미치지 않은거야,근데 난 꿈을 꾼다 그러니 미치지 않은거야,0.947215722900105
458,평소 애정하던 스타들이 자꾸.. 말을 걸어주시니깐 심장이 요동치네요.,평소 애정하던 아이돌 스타들이 자꾸.. 말을 걸어주시니깐 심장이 요동치네요.,0.9471590993135107
1860,이건 그냥 뽈노 아닌가..;;;; 그래서 점 드립니다,근데 이건 그냥 뽈노 아닌가.. ; ; ; ; 그래서 점 드립니다,0.9471361298106613
2459,저는 혼자 가서 하기도 해서 인원은 상관없습니다!,물론 저는 혼자 가서 하기도 해서 인원은 상관없습니다!,0.947129672023256
5499,이게 5만원 정도 하는 것인데 괜찮은듯요.,근데 이게 5만원 정도 하는 것인데 괜찮은듯요.,0.947103042620019
5983,"스타트업 이야기, 너무 먼 광교, 효자 아들 덕분에 생각보다 힘들지는 않다","스타트업 이야기, 너무 먼 광교, 효자 두 명의 아들 덕분에 생각보다 힘들지는 않다",0.9467399839465416
2664,송중기 내레이션 이라고 보는 사람 진짜 짜증난다.,송중기 내레이션 이라고 해서 보는 사람 진짜 짜증난다.,0.9466706331630815
55,근데 멜로연기는 영 ㅋㅋㅋ,ㅋㅋㅋ 근데 멜로연기는 영 ㅋㅋㅋ,0.9465630655011346
1580,힌국 건축에 대한 의식 개선에 대한 영화가 더 많아졌으면 좋겠습니다.,힌국 건축에 대한 시민 의식 개선에 대한 영화가 좀 더 많아졌으면 좋겠습니다.,0.9465092398460784
9001,세월호 특조위 2기가 필요합니다,그리고 세월호 특조위 2기가 필요합니다,0.9463445136267273
559,다음에 태도가 작품이 될 때 리뷰도 올려주세요!,다음에 태도가 작품이 될 때 리뷰도 같이 올려주세요!,0.9461609698178529
3239,<PERSON> 이거 테스트죠 ? ㅋㅋ,이거 < PERSON > 이거 테스트죠? ㅋㅋ,0.9460810700826715
7511,다양한 프로젝트 썰도 많이 말씀해주셔서 테드톡 한 편을 들은 것 같았습니다 ㅋㅋㅋ,그리고 다양한 프로젝트 썰도 많이 말씀해주셔서 오늘 테드톡 한 편을 들은 것 같았습니다 ㅋㅋㅋ,0.9458352496514044
199,"차용거래,계약에관한법을 보완할 수있는지 알고싶습니다.","어떻게 차용거래, 계약에관한법을 보완할 수있는지 알고싶습니다.",0.9456884689669041
8927,요즈음 인기 있다는 바라클라바 실 착용샷입니다.,요즈음 가장 인기 있다는 바라클라바 실 착용샷입니다.,0.9454103987166863
5931,이걸 공군이 보면 얼마나 빡칠까 ㅋㅋ,근데 이걸 공군이 보면 얼마나 빡칠까 ㅋㅋ,0.9451668986579183
7894,성남시 환경 개선을 요청합니다,성남시 환경 환경 개선을 요청합니다,0.9450435886832201
4938,3군데 따로 주었는데 이렇게 모여 먹는 이유가 뭘까요,3군데 따로 주었는데 이렇게 모여 먹는 이유가 도대체 뭘까요,0.9449369500954374
8880,용기있는 자의 겁없는 외침.,용기있는 자의 겁없는 자의 외침.,0.9449111825230683
398,오늘 아침은 암벽 사이 길과 일출로 유명한 향일암에 다녀왔습니다.,오늘 아침은 암벽 사이 길과 일출로 유명한 경주 향일암에 다녀왔습니다.,0.9447587217412639
9121,"삼성증권의 어마한 사태, 무차입 공매도의 신뢰도...","삼성증권의 어마한 사태, 무차입 공매도의 최고 신뢰도...",0.9446281730075833
1166,"난 평소에 역사에 관심이잇고 이런 보물찾기, 미지의모험 열라좋아함 ㅋㅋ대박 ㅋㅋㅋ","난 사실 평소에 역사에 관심이잇고 이런 보물찾기, 미지의모험 열라좋아함 ㅋㅋ대박 ㅋㅋㅋ ㅋㅋㅋ",0.9445504359793085
4426,아무리 법으로 친권 양육권이 없더라도 당신은 부모입니다,아무리 법으로 친권 양육권이 따로 없더라도 당신은 부모입니다,0.9445141466773724
4666,저도 하루 2끼 정도로 해결해보려고 하는데 피부는 좋아 지는것 같습니다.,저도 하루 2끼 식사할 정도로 해결해보려고 하는데 피부는 좋아 지는것 같습니다.,0.9442663123493978
4813,근데 정말 이 곳의 광고가 여러분들한테 먹히는건가용..?,근데 이게 정말 이 곳의 광고가 여러분들한테 먹히는건가용..?,0.9440454488455445
8825,어느 기업의 계약직 직원입니다,어느 기업의 계약직 계약직 직원입니다,0.9440120320517815
385,드루킹에게 재벌개혁정책 부탁한건 국정농단 아닙니까?,그런데 드루킹에게 재벌개혁정책 부탁한건 국정농단 아닙니까?,0.9439970731813924
4251,중국도 아니고 정부가 인터넷 검열하는게 말이됩니까,중국도 아니고 정부가 인터넷 검열하는게 무슨 말이됩니까,0.9437058318247207
6011,온라인 카지노 게임 현금화 및 모바일 방송 송출 문제,온라인 카지노 게임 현금화 및 모바일 방송 송출 중단 문제,0.943557342576657
9126,뿌린대로 거두어 정성껏 먹는 소박한 삶이 부럽다.,그저 뿌린대로 거두어 정성껏 먹는 소박한 삶이 부럽다.,0.943549917687455
8629,어머 저는 뻔뻔하지 않답니다,어머 어머 저는 뻔뻔하지 않답니다,0.9435217238150142
8856,적절하게 알고리즘을 활용하면서 저도 꼭 필요한 서비스인데.. ㅎ,그래도 적절하게 알고리즘을 활용하면서 저도 꼭 필요한 서비스인데.. ㅎ,0.943422125670129
6419,밤토끼뿐아니라 모든 불법사이트 처벌바랍니다.,그리고 밤토끼뿐아니라 모든 불법사이트 처벌바랍니다.,0.9432179905826745
5857,끝마칠때쯤 갑자기 딸이 들어와서 아빠 생존체크 당했습니다.,끝마칠때쯤 갑자기 딸이 들어와서 엄마 아빠 생존체크 당했습니다.,0.9432159091015249
6134,와 대박 무슨 엽서사진같아요!!,와 대박 무슨 무슨 엽서사진같아요!!,0.9429986100730635
6739,페킨파와 오우삼의 수준차이가 여기서 나타나네,페킨파와 오우삼의 수준차이가 바로 여기서 나타나네,0.9428750404328452
5787,어제 저녁에 족발이랑 먹었네요 ㅋㅋㅋ,어제 저녁에 족발이랑 같이 먹었네요 ㅋㅋㅋ,0.9427953545738613
2908,그냥 이 말씀이 떠오르면 마음의 온도가 1도 오르며 안정적 바이브를 찾고 다시 생각해볼 힘이 되는 것 같아요.. ㅎㅎ,"그냥 이 말씀이 다시 떠오르면 마음의 온도가 1도 오르며, 안정적 바이브를 다시 찾고 다시 생각해볼 힘이 되는 것 같아요.. ㅎㅎ",0.942582839708197
2389,슬슬 분갈이를 해줘야할 것 같네,슬슬 다시 분갈이를 해줘야할 것 같네,0.9424461872119829
628,오.. 바라라를 게시글로 볼 날이 있군요 ㅋㅋ,오.. 바라라를 오늘 게시글로 볼 날이 있군요 ㅋㅋ,0.9422600476874969
1002,앞서 공지된 사항대로 회식의 조편성은 4명인데요.,앞서 공지된 사항대로 회식의 경우 조편성은 4명인데요.,0.9416414704096676
5449,진짜 대박 ㅋㅋ윗글이랑 이어지는줄 알았어요,진짜 대박 ㅋㅋ윗글이랑 같이 이어지는줄 알았어요,0.9415805358627194
4289,"이로써 구성원 모두가 가장 최신의 회사의 비전, 미션, 밸류, 방향, 제품 등을 이해하고, 내/외부와 공통 선상에서 커뮤니케이션이 가능해 지는 효과가 발생합니다.","이로써 구성원 모두가 각각 가장 최신의 회사의 비전, 미션, 밸류, 방향, 제품 등을 이해하고, 내 / 외부와 공통 선상에서 커뮤니케이션이 가능해 지는 시너지 효과가 함께 발생합니다.",0.9414813507653718
3889,평범한 영화는 만들어낼 수 없는 구로사와의 재능!,그러나 평범한 영화는 만들어낼 수 없는 구로사와의 재능!,0.9414655014972622
7216,스스로에게 자주 하시는 말씀이시라고 해요!,스스로에게 자주 하시는 그런 말씀이시라고 해요!,0.9414017026497415
4503,날씨 조금만 따뜻해지면 진짜 고고 하시죠!!!!!!,날씨 조금만 따뜻해지면 진짜 빨리 고고 하시죠!!!!!!,0.941394797755065
1775,브랜딩 디자인은 개발 직군과는 너무나도 다른 분야이기에 정말 쉴틈 없이 브랜딩 작업에 대해서 궁금했던 점을 많이 물어본 것 같습니다. ㅎㅎ,브랜딩과 달리 디자인은 개발 직군과는 너무나도 다른 분야이기에 정말 쉴틈 없이 이 브랜딩 작업에 대해서 궁금했던 점을 많이 물어본 것 같습니다. ㅎㅎ,0.9413932267498999
7036,진짜 빨리 써주셨네요 ㅎㅎ,진짜 너무 빨리 써주셨네요 ㅎㅎ,0.9411964013279145
2187,원도 아까와 디질것 같아요 ㅠㅠ,원도 아까와 같이 디질것 같아요 ㅠㅠ,0.9410370487567521
1289,최근에 블로깅을 시작해서 꾸준히 운영하는 것이 올해의 버킷리스트라고 합니다.,최근에 블로깅을 시작해서 꾸준히 운영하는 것이 올해의 베스트 버킷리스트라고 합니다.,0.9409874885209483
1705,무엇을 상상하건 그 이하를 보게 될 것입니다.,무엇을 상상하건 그 이상 이하를 보게 될 것입니다.,0.9409488597151735
8166,무분별한 근육증가 약물 사용을 제지해주세요,제발 무분별한 근육증가 약물 사용을 제지해주세요,0.9409488597151735
334,콜센터에게 감정 폭력하는 사람에게 처벌해주세요,제발 콜센터에게 감정 폭력하는 사람에게 처벌해주세요,0.9409488597151735
8973,소비자의 선택권을 제한하고 갑질하는 통신사의 횡포를 막아 주십시요.,소비자의 선택권을 제한하고 갑질하는 통신사의 갑의 횡포를 막아 주십시요.,0.9409431647748877
9043,양로원 진입로에 갑자기 흙을 쏟아 진입로를 막은 사건,양로원 진입로에 갑자기 흙을 쏟아 진입로를 가로 막은 사건,0.9409431647748877
4855,"드루킹, 김경수에 ‘개성공단 2천만평 개발 정책’도 제안했다"" 사실입니까?","드루킹, 김경수에 ‘ 개성공단 용지 2천만평 개발 정책 ’ 도 제안했다 "" 사실입니까?",0.9408707890953859
2301,천안시 버스 노선의 편중을 느껴 이에 대한 개선을 청원합니다.,천안시 버스 노선의 편중을 절실히 느껴 이에 대한 개선을 청원합니다.,0.9408111035389535
7316,모든 대학생 알바비(월 100만원 이하) 비과세 청원,모든 대학생 알바비 ( 월 최대 100만원 이하 ) 비과세 청원,0.9406796773530798
1914,교통범칙금 과태료로 공무원 월급주는건 아니라고 생각합니다!!!,교통범칙금 과태료로 공무원 월급주는건 절대 아니라고 생각합니다!!!,0.9406740149727157
7005,"소방 관련 ! 중국 보다 못한 소방 학습, 준비, 법안","소방 관련! 중국 보다 못한 한국 소방 학습, 준비, 준비 법안",0.9406562388349334
3003,등교 시간대(7시~8시 30분)의 공사를 제한해주세요,등교 시간대 ( 7시 ~ 8시 30분 ) 의 공사를 최대한 제한해주세요,0.9403379490672849
2419,넘 멋있는 바다를 배경으로 9월말에 일정을 맞출 수 있을지..,넘 멋있는 바다를 배경으로 9월말에 일정을 맞출 수는 있을지..,0.9403379490672847
6160,핵실험장 아닌 핵폐기를 유엔에 보여야,핵실험장 아닌 핵폐기를 위해 유엔에 보여야,0.9402596079349792
436,이런 상륙작전은 더이상 하지마라.. 부탁이다,이런 상륙작전은 이제 더이상 하지마라.. 부탁이다,0.9402269824853856
2172,우리집도 가난해서 백도 없고 좌절도 많았지만 난 부모님을 원망한 적은 한번도 없었다.,우리집도 가난해서 백도 없고 좌절도 많았지만 난 그런 이유로 부모님을 원망한 적은 한번도 없었다.,0.940147483380612
9206,sns 이수정양 사건에 진실을 밝혀주세요,sns 제발 이수정양 사건에 진실을 밝혀주세요,0.9401415440842553
2491,서울시 종로구에 위치한 동성고등학교의 불량교사를 처벌하길 원합니다,서울시 종로구에 위치한 동성고등학교의 불량교사를 강력히 처벌하길 원합니다,0.9400592367447048
8408,대한민국 불체자 강력한 대대적 단속을 해주시길 바랍니다,대한민국 불체자 강력한 대대적 단속을 해주시길 간절히 바랍니다,0.9398699496401468
1198,개인/팀 단위 참여 가능하고 1등시 250만원이네요.,보통 개인 / 팀 단위 참여 가능하고 1등시 250만원이네요.,0.9396739097547464
8176,"대한민국 축구 감독(4,50대)들의 대폭적인 물갈이를 요청 합니다.","대한민국 축구 감독 ( 4, 50대 ) 들의 대폭적인 물갈이를 간곡히 요청 합니다.",0.939492122293533
3684,공공기관 기관장 및 사외이사 낙하산 인사를 금지해주세요.,공공기관 기관장 및 사외이사 낙하산 인사를 전면 금지해주세요.,0.9394910130362252
8805,루꼴라는 그 때 그 때 수확을 잘 안해주면 바로 꽃대가 올라버리는 것 같아요 ㅠㅠ,근데 루꼴라는 그 때 그 때 수확을 너무 잘 안해주면 바로 꽃대가 올라버리는 것 같아요 ㅠㅠ,0.9393169111433332
54,지금 있는 시설 관리라도 좀 잘 했으면 좋겠습니다,지금 하고 있는 시설 관리라도 좀 잘 했으면 좋겠습니다,0.9391438974285177
4724,해외에서 동성결혼 해서 부부로 인정되는 경우 국내에서도 인정해주세요,해외에서 동성결혼 해서 부부로 인정되는 커플 경우 국내에서도 인정해주세요,0.9390076324802645
3337,저 주말에 올리브 집사와 냥집사 타이틀을 동시에 얻었습니다 ㅎㅎㅎ,저 주말에 올리브 집사와 냥집사 타이틀을 동시에 하나 얻었습니다 ㅎㅎㅎ,0.938961555473791
3013,국토부와 환경부는 서로 커뮤니케이션이 되는지!,국토부와 환경부는 서로 어떻게 커뮤니케이션이 되는지!,0.9386523121980803
1722,저는 이동을 하면서 일을 하는편인데요.,저는 이동을 하면서 다른 일을 하는편인데요.,0.9386292705882248
8031,귤상자에 귤 이외의 것이 담겼을것이라는 의심은 합리적 의심이다.,귤상자에 귤 이외의 것이 담겼을것이라는 의심은 지나친 합리적 의심이다.,0.9386149195157647
7663,경사 7~8도로 40마일 정도 가다가 입구부턴 좀 가파라지면서 고산병 증세 오더라고요,그래서 경사 7 ~ 경사 8도로 40마일 정도 가다가 입구부턴 좀 가파라지면서 고산병 증세 오더라고요,0.9385300181311907
5048,국민을 생각하는 거라면 난민 허가 금지해주세요,국민을 잘못 생각하는 거라면 난민 허가 금지해주세요,0.938450232452495
7408,공매도가 악용하는 주식결제기일...당일결제로 바꿔주세요!!,공매도가 악용하는 주식결제기일... 당일결제로 빨리 바꿔주세요!!,0.9379343473261713
5541,맥어보이를 보는 눈이 필스보기전과 후로 완전히 달라졌다,맥어보이를 보는 순간 눈이 필스보기전과 후로 완전히 달라졌다,0.9378928817520145
6673,천안함 사건을 외국의 저명한 전문가를 불러 다시조시 해주세요,천안함 침몰 사건을 외국의 저명한 전문가를 불러 다시조시 해주세요,0.9377283905638164
3130,42.195는 못하겠지만 건강이라도 챙기자!,물론 42. 195는 못하겠지만 건강이라도 챙기자!,0.9375022615305726
76,후반들어 법적공방과 반전은 이영화의 묘미.,그러나 후반들어 법적공방과 반전은 이영화의 묘미.,0.9375022615305726
7834,대한민국에 응급 의학센터나 이를 위한 시스템을 더 확충해주세요,대한민국에 응급 의학센터나 이를 찾기 위한 시스템을 더 확충해주세요,0.9373641373616571
6348,우린 이런 식의 질문에 익숙해져 있다.,그러나 우린 이런 식의 질문에 익숙해져 있다.,0.9373118359938175
5097,"외모 지상주의에 대한 통렬한 비판이나 풍자를 기대했는데, 어설프다 너무 어설퍼","외모 지상주의에 대한 다소 통렬한 비판이나 풍자를 기대했는데, 어설프다 너무 너무 어설퍼",0.9371838645476255
479,“공정”한 사회 지금부터라도 선언합시다.,“ 공정 ” 한 우리 사회 지금부터라도 선언합시다.,0.9369496929446862
1344,누군가 분석해주신 저희 회사 정보,누군가 분석해주신 바로 저희 회사 정보,0.9368472234647126
2399,연기력 부족과 스토리의 허전함이 아쉽다.,그러나 연기력 부족과 스토리의 허전함이 아쉽다.,0.9362631210862908
9229,사위가 장모한테 반말을 예의도없고 배운것도 없나요?,사위가 장모한테 반말을 예의도없고 배운것도 별로 없나요?,0.9361763862253586
1629,도대체 지정헌혈이 무엇인지요? 이래서 헌혈을 할까요?,도대체 지정헌혈이 무엇인지요? 이래서 헌혈을 해야 할까요?,0.9361763862253583
4863,"많은 분들이 더 적극적으로 의견 내주시고, 많은 정보를 공유하는 좋은 문화를 계속 만들어 나가면 좋겠습니다.","많은 분들이 좀 더 적극적으로 의견을 내주시고, 많은 정보를 공유하는 좋은 문화를 계속 만들어 나가면 좋겠습니다.",0.936142346065375
6714,분야는 다르지만 여러가지 인사이트를 주는 인터뷰인것 같습니다.,분야는 다르지만 여러가지 인사이트를 보여 주는 인터뷰인것 같습니다.,0.9360846406070871
339,테스트 중이라서 이 채널에 알람은 꺼주셔도 좋습니다!!,테스트 진행 중이라서 이 채널에 알람은 꺼주셔도 좋습니다!!,0.9358290355914148
5808,여기서 사라지는 것은 나이를 먹든 병에 걸려 죽든 죽음을 의미하는거죠,여기서 사라지는 것은 어떤 이유로 나이를 먹든 병에 걸려 죽든 죽음을 의미하는거죠,0.9355139392700207
4377,해보니 글자는 안되고 사람모양? 만 디텍팅해서 증강현실로 만들어줘요.,해보니 글자는 안되고 사람모양? 만을 디텍팅해서 증강현실로 만들어줘요.,0.9354143466934857
1714,정부는 웹하드 카르텔과 로비 방관 의혹을 수사하라,정부는 웹하드 카르텔과 로비 방관 의혹을 철저히 수사하라,0.9354143466934857
3101,왜 인터넷이 또 느린가 하면서 한참을 쳐다봤어요...,왜 인터넷이 또 느린가 하면서 계속 한참을 쳐다봤어요...,0.9353982623752761
4468,한번 더 하면 1로 바뀌는 군요..,그런데 한번 더 하면 1로 바뀌는 군요..,0.9353423244104413
4024,요렇게 수작업 줄여주는게 기술의 힘?,그럼 요렇게 수작업 줄여주는게 기술의 힘?,0.9352757056602856
8616,[가상화폐] 민주당은 영원히 재집권할 수 없게 됩니다,[ 가상화폐 ] 민주당은 영원히 재집권할 수 없게 해야 됩니다,0.9352009599240318
2283,그나저나 꽃대오르면 생명을 다 하거나 그런거 아닌지 좀 찾아봐야겠어요!,그나저나 꽃대오르면 생명을 다해야 하거나 그런거 아닌지 좀 찾아봐야겠어요!,0.9345078797827723
5283,혹시 조인해도 될까요? (라고 패기 있게 외치긴 했는데 댓글들을 보니까..... 사알짝... 두려운 마음이 드는데..),혹시 조인해도 될까요?. ( 라고 패기 있게도 외치긴 했는데 댓글들을 보니까..... 사알짝... 두려운 마음이 드는데.. ),0.9343791011321271
8710,이제는 진짜 아는 사이가 된 느낌!,이제는 진짜 서로 아는 사이가 된 느낌!,0.9339935414108966
1659,왜 히치콕이 명감독인지 알게되었어요,그리고 왜 히치콕이 명감독인지 알게되었어요,0.933962362811263
708,강제로 동문회비를 걷는 것에 대한 강력한 제재가 필요합니다.,강제로 동문회비를 걷는 것에 대한 강력한 정부 제재가 필요합니다.,0.9337987010034247
296,가발도 완전 허술하게 쓰고 착신아리 수준ㅡㅡ,가발도 없이 완전 허술하게 쓰고 착신아리 수준ㅡㅡ,0.9337107726038408
4132,사진으로 확인할 수 없지만 잭슨피자였습니다..,직접 사진으로 확인할 수 없지만 잭슨피자였습니다..,0.9336694126471586
7166,모두 일정 조정 한번 해보실 수 있게 12월 8일 수요일 정도로 캘린더 한번 날려볼게요!!!ㅎㅎ,모두 일정을 조정 한번 해보실 분 수 있게 12월 8일 수요일 정도로 캘린더 한번 날려볼게요!!! ㅎㅎ,0.9336086985756441
2240,곧 사라질(태권도)를 국기로 제정하라!,이제 곧 사라질 ( 태권도 ) 를 국기로 제정하라!,0.9334388965271538
2881,제가 아무말이나 해도 너무 웃어주셔서…,제가 이렇게 아무말이나 해도 너무 웃어주셔서 …,0.9333326700844671
4622,@기가막힌 배달음식 아시는 분들,@ 기가막힌 배달음식 아시는 모든 분들,0.9333160104740675
7707,그렇다고 실적이 나쁜 것도 아닙니다.,그렇다고 해서 실적이 나쁜 것도 아닙니다.,0.9330433838911861
5470,화산폭발에 비유한 크로노스가 정말 압권이었다,화산폭발에 대해 비유한 크로노스가 정말 압권이었다,0.9330250406198293
8228,자동차세를 올리고 공영 주차장을 충분히 하여 주십시요,자동차세를 올리고 공영 주차장을 확보 충분히 하여 주십시요,0.9330240396114935
2521,제2의 벤처붐으로 창업자에게 실질적인 도움이 되었으면합니다.,부디 제2의 벤처붐으로 창업자에게 실질적인 도움이 되었으면합니다.,0.9329802152031171
5652,"심평원, 한전 회식카드지출비 해외출장비 지원자금 조사의뢰 건","심평원, 한전 회식카드지출비 해외출장비 지원자금 공개 조사의뢰 건",0.9329802152031171
5245,그냥 명예회손죄로 고소 되어도 할말이 없을만큼.,그냥 명예회손죄로 고소 되어도 할말이 별로 없을만큼.,0.9326258913469803
5151,이번 봄에 대규모 가드닝? 계획 중입니다.,이번 봄에 대규모 가드닝? 계획 진행 중입니다.,0.9325986255154233
7784,북한 이러고선 또 미사일 날릴거냐?,그럼 북한 이러고선 또 미사일 날릴거냐?,0.9325389372162229
5929,미세먼지 대책 마련 촉구 - 우리는 다시금 뭉쳐야 합니다,미세먼지 대책 마련 촉구 - 우리는 다시금 똘똘 뭉쳐야 합니다,0.932380167646758
6955,IMF때보다 더 어려운것 같다,IMF때보다 더 많이 어려운것 같다,0.9322385387644399
3912,이번 간호사 처우 개선안에 대해 반대합니다.,이번 간호사 처우 개선안에 이에 대해 반대합니다.,0.93218564953953
7827,저는 그냥 잔디 밟으러 가야할듯합니다만 ㅎㅎㅎ,물론 저는 그냥 잔디 밟으러 가야할듯합니다만 ㅎㅎㅎ,0.9321611608046586
5707,제가 기술 사회학에 관심이 있다고 하니 쿠버네티스 다큐멘터리와 쿠버네티스 다큐멘터리라는 책을 추천해주시기도 하셨습니다.,제가 기술 사회학에 관심이 좀 있다고는 하니 쿠버네티스 다큐멘터리와 쿠버네티스 다큐멘터리라는 책을 추천해주시기도 하셨습니다.,0.9318803011048061
6545,소년법 범죄자를 위한 법 인가요?,소년법 범죄자를 위한 어떤 법 인가요?,0.931865802919916
7767,이렇게 또 자연스럽게 헤드셋에 영업당하게 되고...,이렇게 해서 또 자연스럽게 헤드셋에 영업당하게 되고...,0.9318245561475786
1554,국민연금 폐지 : 원금 + 시중금리로 하루속히 돌려주시길,국민연금 제도 폐지 : 원금 + 시중금리로 하루속히 돌려주시길,0.9314477011445316
3777,여기가 TDN성님이 나온다던 그 영화인가요?,그런데 여기가 TDN성님이 나온다던 그 영화인가요?,0.9314069367614269
4364,하물며 옆에보고있던 어린애들도 웃지않더라,그런데 하물며 옆에보고있던 어린애들도 웃지않더라,0.9314069367614269
1882,정부의 힘으로 반토막도 더 내는군요,그런데 정부의 힘으로 반토막도 더 내는군요,0.9314069367614269
7130,건강검진결과 시력은 인정을 못 받습니까?,그런데 건강검진결과 시력은 인정을 못 받습니까?,0.9314069367614269
8488,그와중에 저는 두 번의 더블파로 인간미 한껏 뽐냈습니다,그와중에 저는 무려 두 번의 더블파로 인간미 한껏 뽐냈습니다,0.9312143330759437
1747,종이통장 유로로 바꾸지말고 폐지시키지 말아줘요,종이통장 유로로 절대 바꾸지말고 폐지시키지 말아줘요,0.9311495988093927
4609,왜 인간은 인간답지 못한 행동을 반복하며 살아가는것일까...???,대체 왜 인간은 인간답지 못한 행동을 반복하며 살아가는것일까...???,0.9311242448070635
8155,차량으로 사고를 내면 형량이 너무 약하다,사고 차량으로 사고를 내면 형량이 너무 약하다,0.93078193562776
6321,소고기가 들어간 음식이 아니라면 다 먹을 수 있으니 언제든지 불러주시면 함께 하겠다고 하시네요.,사실 소고기가 들어간 음식이 아니라면 다 먹을 수는 있으니 언제든지 불러주시면 함께 하겠다고 하시네요.,0.9305522628290228
8625,저도 그럼 3km부터 소소하게 연습해봐야겠어요,저도 그럼 3km부터 소소하게 열심히 연습해봐야겠어요,0.9303615952644887
9098,국가 운전직렬도 공개경쟁(경력)시험으로 선발해 주세요.,국가 운전직렬도 공개경쟁 ( 경력 ) 시험으로 선발해 보내 주세요.,0.9299460972428882
2417,그다음 한동안 준비해서 정식 오픈한다네요,그다음 한동안 미리 준비해서 정식 오픈한다네요,0.9297984624617563
6595,포스팅을 할 때 지원자에게 질문할 것을 등록할 수 있습니다.,포스팅을 할 때는 지원자에게 질문할 것을 등록할 수 있습니다.,0.9297158596400905
7711,아동학대 기관 운영 못하게 해주세요,제발 아동학대 기관 운영 못하게 해주세요,0.929701105261557
3354,부동산에 투자 하자는 생각은 이제 그만.,부동산에 투자 하자는 식의 생각은 이제 그만.,0.9294421259337193
1136,ㅋㅋ 제가 디렉팅 / 슈팅 했습니다!,ㅋㅋ 제가 직접 디렉팅 / 슈팅 했습니다!,0.9293155867677786
1110,관악구청 형평에 맞지 않는 행정 바로 잡아주세요,관악구청 형평에 맞지 않는 구청 행정 바로 잡아주세요,0.9292321363561421
2354,"임대사업자등록제도 폐지ㅡ국민청원 2,600명 돌파~","임대사업자등록제도 폐지ㅡ국민청원 2, 600명 이상 돌파 ~",0.9291370295574037
4531,제가 호스트하니 시간되시면 오셔도 좋습니다.,물론 제가 호스트하니 시간되시면 오셔도 좋습니다.,0.928986370756978
8891,오옷.. 부러 가시는건 아니길 바라며…,오옷.. 부러 가시는건 절대 아니길 바라며 …,0.9288557468807934
3877,이땅의 버려진 애국지사 후손들을 방치하는 것은 역사에 죄를 짓는것이라 생각합니다,이땅의 버려진 애국지사 후손들을 그대로 방치하는 것은 대한민국 역사에 죄를 짓는것이라 생각합니다,0.9285462841846541
8278,혹시 긍정적인 변화들이 많이 있나요?,그런데 혹시 긍정적인 변화들이 많이 있나요?,0.9284872567817098
1355,정확한 한글 발음에 대한 인지,그러나 정확한 한글 발음에 대한 인지,0.9282973384693474
961,"어쩌다가 마소가 블리자드를 인수한 얘기가 나왔는데, 블리자드와 닌텐도를 비교해보면서 역시 IP의 힘은 대단하다는 것을 새삼 느낄 수 있었습니다.","어쩌다가 마소가 블리자드를 전격 인수한 얘기가 나왔는데, 블리자드와 닌텐도를 직접 비교해보면서 역시 닌텐도 IP의 힘은 대단하다는 것을 새삼 느낄 수 있었습니다.",0.9281879682228409
5106,아카데미 주연상 수상자들의 연기는 역시 남다르다.,아카데미 주연상 수상자들의 연기 연기는 역시 남다르다.,0.928142584123155
7804,리버스 프록시를 이용해서도 할 수 있을것 같네요,리버스 프록시를 이용해서도 사용 할 수 있을것 같네요,0.9281352097284548
1345,한국GM에 공적자금 (국밈혈세)지원을 반대합니다,또한 한국GM에 공적자금 ( 국밈혈세 ) 지원을 반대합니다,0.9281352097284546
4123,저 진짜 셔츠 구매하고 싶어요..!,저는 진짜 셔츠 구매하고 싶어요..!,0.9280732007854238
6168,모든 공동주택 관리비 통장 월 1회 공개의무화,서울시 모든 공동주택 관리비 통장 월 1회 공개의무화,0.9280205171581069
2937,"다음 미팅이 있어서 이야기 나누다가 허겁지겁 마무리 했는데, 담에 오피스에서 만나서 맛있는 식사 하면서 또 이야기 나눠요!","다음 미팅이 있어서 이야기 나누다가 허겁지겁 대충 마무리 했는데, 담에 오피스에서 만나서 아주 맛있는 저녁 식사 하면서 또 이야기 나눠요!",0.9280128463318907
7841,왜 우리선수들은 태극기를 달면 안되나요?,그런데 왜 우리선수들은 태극기를 달면 안되나요?,0.9279380176248859
1395,진짜 오래된 영화임이 무색하게 빠져들어서 보게 된다.,진짜 오래된 공포 영화임이 무색하게 빠져들어서 보게 된다.,0.9276625132201262
2492,편 다 보면서 한번도 눈을 뗀적이 없네요 ㄷㄷ,편을 다 보면서 한번도 눈을 뗀적이 없네요 ㄷㄷ,0.9273030642931656
4015,옛날에 봤는디.. 얘기좀 진행되나 싶더니 끝=_=,옛날에 처음 봤는디.. 얘기좀 진행되나 싶더니 끝 = _ =,0.9268239593843824
1201,몽크스부처가 분위기도 좋고 맛도 좋더라고요.,몽크스부처가 분위기도 좋고 맛도 아주 좋더라고요.,0.9268239593843824
4930,ㅋㅋ 와인과 인생의 공통점인가요,ㅋㅋ 와인과 인생의 어떤 공통점인가요,0.9265880980430965
5373,:) 처리는 월요일 11시까지 해주실수 있을까요?,: ) 처리는 내일 월요일 11시까지 해주실수 있을까요?,0.9262901676771225
5879,볼투리가를 끝장낼 수도 있었다는 생각을 했는데...,볼투리가를 완전히 끝장낼 수도 있었다는 생각을 했는데...,0.926138734597089
4991,오… 생산성 신동과 화술의 신동 두분이 만나셨군요.,오 … 생산성 신동과 화술의 달인 신동 두분이 만나셨군요.,0.9258200997725518
4363,막장 가족들의 어이없는 .....행동들이 무척이나 불편했다!,막장 가족들의 어이없는 행동..... 행동들이 무척이나 불편했다!,0.9258200997725518
3328,패키징의 방식은 아니지만 방향성은 정말 비슷한거 같습니다.,패키징의 접근 방식은 아니지만 방향성은 정말 비슷한거 같습니다.,0.9256918718310604
5962,두 분 생각나서 편의점에서 쓸어왔습니다,두 분 생각나서 편의점에서 다시 쓸어왔습니다,0.9253620548464756
4271,마치 제 미래 이야기 같네요.. ㅎㅎ,마치 이게 제 미래 이야기 같네요.. ㅎㅎ,0.9247010215870641
2466,부동산의 호가 올리기 실태 조사 부탁해요..,부동산의 호가 올려 올리기 실태 조사 부탁해요..,0.9246213565598573
8416,만두사진 보고 필 받아서.. 저녁으로 만두 먹어야겠네요 ㅎㅎ,만두사진 보고 필독 받아서.. 저녁으로 만두 먹어야겠네요 ㅎㅎ,0.9245363762431809
1626,어제 The Verge에서 소개한 핸폰보고 약간 신기했었는데() 위의 링크된 글을 보니 소프트웨어도 같이 직접 만들었다고 하네요.,어제는 The Verge에서 직접 소개한 핸폰보고 약간 신기했었는데 ( ) 위의 링크된 글을 보니 소프트웨어도 같이 직접 만들었다고 하네요.,0.9244721581288462
4094,처음부터 이름과는 반대로 달달한 ph-1~~,처음부터 이름과는 전혀 반대로 달달한 ph - 1 ~ ~,0.9244032937058725
4749,아래 그림1처럼 다른 사람들의 일정을 볼 수 있음,아래 그림1처럼 다른 사람들의 여행 일정을 볼 수 있음,0.9243928698514898
4903,이 레이블의 첫 그룹이어서 벌써 많은 기대를 받고 있습니다.,이 레이블의 첫 그룹이어서 그런지 벌써 많은 기대를 받고 있습니다.,0.9242556496516054
5583,떠넘기기 행정.. 이게 아직도 잔재한다니 충격입니다.,책임 떠넘기기 행정.. 이게 아직도 잔재한다니 충격입니다.,0.9241803813954135
8153,다양한 생각 가진 사람들 모여야 impact가 큰 일들 할 수 있습니다.,다양한 서로 다른 생각 가진 사람들 모여야 impact가 큰 일들 할 수 있습니다.,0.9241325645458534
6068,이 정도 난이도의 프레임워크 trial 신청자들은 대략 40명 내외라고 하네요,그런데 이 정도 난이도의 새로운 프레임워크 trial 신청자들은 대략 40명 내외라고 하네요,0.9238078489232964
2443,나경원 파면 도배 하는것들 수사 좀 부탁합니다,나경원 의원 파면 도배 하는것들 수사 좀 부탁합니다,0.9237897834099978
5902,POSCO 진실을 말하고 면직당한 정민우 전 팀장을 복직시켜주십시요,POSCO에 진실을 말하고 면직당한 정민우 전 팀장을 복직시켜주십시요,0.9237897834099977
7090,박능후 해임을 통한 출산 장려 운동,박능후 장관 해임을 통한 출산 장려 운동,0.9233831687674002
7421,심각한 항공권 취소수수료 문제(천재지변 관련),심각한 항공권 취소수수료 인상 문제 ( 천재지변 관련 ),0.9232983647746582
2840,휴지덮고 자다가 놀라는 쥐표정 >.< 아직도 안잊혀지는ㅎㅎ,휴지덮고 자다가 깜짝 놀라는 쥐표정 >. < 아직도 안잊혀지는ㅎㅎ,0.9226481466193163
5475,최대 수용은 왜있는거죠 ㅋㅋㅋ,근데 최대 수용은 왜있는거죠 ㅋㅋㅋ,0.9225875261901637
8065,거의 한시간동안 이야기 나눴네요!!,거의 한시간동안 서로 이야기 나눴네요!!,0.922563963851039
4898,그해 우리는 보시는 분 없나요,그런데 그해 우리는 보시는 분 없나요,0.9223308860302352
1351,저 비건 꿈나무 맞습니다....,저는 비건 꿈나무 맞습니다....,0.9221571030313513
4573,"문재인정권은 빨리 김기식 사임 발표하시오,","문재인정권은 하루 빨리 김기식 사임 발표하시오,",0.922079911432883
7947,혹시 네 분 어느정도 늦으실 것 같나요?,혹시 네 분 정도 어느정도 늦으실 것 같나요?,0.9220395871248932
989,저는 아이에게 아빠가 될 수 없나요?,저는 아이에게 아빠가 어떻게 될 수 없나요?,0.9219690651345526
2499,그래도 최하 점부터 시작하니 별은 붙는구나..호,그래도 최하 점부터 돌기 시작하니 별은 붙는구나.. 호,0.9215464753318191
5157,"편의점, 마켓 진상들은 왜 처벌하지 않나요?","편의점, 온라인 마켓 진상들은 왜 처벌하지 않나요?",0.9211235603765584
4202,"이시대에 여성인권에 필수적인, 여성인권을 위하여...","이시대에 여성인권에 필수적인, 여성인권을 찾기 위하여...",0.9211235603765584
7150,삼성전자서비스 비호한 고용노동부 정부감사를 촉구합니다.,삼성전자서비스 비호한 고용노동부 정부감사를 강력히 촉구합니다.,0.9211235603765584
4633,몸만 어른인 청춘들의 객기만을 보는듯....,몸만 어른인 청춘들의 뜨거운 객기만을 보는듯....,0.9211235603765584
6943,ㅋㅋ 초등학생 엄마 만 보세요,ㅋㅋ 우리 초등학생 엄마 만 보세요,0.9209526459184993
1237,옳고 그르다를 판단할 필요가 없다.,옳고 그르다를 판단할 필요가 전혀 없다.,0.920917549143315
1443,사랑 이라는 것에 대해 다시한번 생각해봄,사랑 고백 이라는 것에 대해 다시한번 생각해봄,0.9205306294550653
7724,회의가 다 튕기는 경험을 했네요..,회의가 다들 튕기는 경험을 했네요..,0.9204587868569997
5683,"KBS ""명견만리"" 프로그램을 없애주세요","KBS "" 명견만리 "" 라는 프로그램을 없애주세요",0.9204587868569997
5654,눈물이 안나올 수 가 없어요.,눈물이 이렇게 안나올 수 가 없어요.,0.9203725714478861
6148,오우삼 영화을 보면서 정교한 스토리 설정이나 카메라 웤을 기대하지 않는다.,오우삼 영화을 보면서 난 이런 정교한 스토리 설정이나 카메라 기대하지 않는다.,0.9198327349846065
5308,"이미 여러차례 실패한 단계별 보상 조치 후 비핵화는 의미가 없고 시간끌기, 거짓 비핵화 일종입니다.","이미 여러차례나 실패한 단계별 보상 조치 후 비핵화는 의미가 없고, 시간끌기, 거짓 비핵화 일종입니다.",0.9197744023977725
2348,세상이 나를 파멸로 몰아가려 해도...,세상이 아무리 나를 파멸로 몰아가려 해도...,0.9196007498466774
5402,원작에 대한 예우 차원에서 저 점수라도 주는거임,이건 원작에 대한 예우 차원에서 저 점수라도 주는거임,0.9195128081112797
7518,평창올림픽 성공을 위한 작은 홍보 제안,평창올림픽 유치 성공을 위한 작은 홍보 제안,0.9194231852833261
7285,우체국 직원의 대한 민원은 어디에,우체국 직원의 대한 민원은 도대체 어디에,0.9192147945229223
7712,초등학교 저학년 영어교육 관련 청원입니다.,저의 초등학교 저학년 영어교육 관련 청원입니다.,0.9191047530771581
9237,다음에는 하와이서 보는걸로? ㅋㅋ,그럼 다음에는 하와이서 보는걸로? ㅋㅋ,0.9189081386297444
8042,내가 의심하고 있다는 사실을 제외하고 모든 것을 의심하는 데카르트 전술로 가야겠습니다,내가 스스로 의심하고 있다는 사실을 잠시 제외하고 모든 것을 의심하는 데카르트 전술로 가야겠습니다,0.9186915969685798
128,남주 음식 흡입장면은 혐오감으로 편집바람.,남주 음식 흡입장면은 지나친 혐오감으로 편집바람.,0.9185388009888488
5186,A: 전체적인 그림을 한 판으로 그리는 것이 중요하다.,A : 전체적인 그림 그림을 한 판으로 그리는 것이 중요하다.,0.918515978360445
4600,"가본적 없는 그곳의 향수 , 느낌......그립다!","지금껏 가본적 없는 그곳의 향수, 느낌...... 그립다!",0.9183338993804308
6771,후무스 한번도 안 먹어봤는데 혹시 참고할 레시피 있을까요?ㅋㅋㅋ,후무스는 한번도 안 먹어봤는데 혹시 참고할 레시피 있을까요? ㅋㅋㅋ,0.9182236805190246
8598,이런저런 근황과 학교 얘기를 재밌게 나눴습니다,이런저런 연예계 근황과 학교 얘기를 재밌게 나눴습니다,0.9182035202614247
4925,모두 좋은 하루 보내세요 :),우리 모두 좋은 하루 보내세요 : ),0.9181538992213063
4781,실효성없는 기상청 해체로 국민혈세를 지켜주세요,부디 실효성없는 기상청 해체로 국민혈세를 지켜주세요,0.9180178680058799
8599,오히려 완벽한 계획이 더 웃기지 않나?,오히려 완벽한 결혼 계획이 더 웃기지 않나?,0.9180178680058799
1435,사법부 판사들이 민주와 합리에 대하여 정치적으로 중립할 수 있는 제도적 장치를 마련해야 합니다,사법부 판사들이 민주와 법과 합리에 대하여 정치적으로 중립할 수 있는 제도적 장치를 시급히 마련해야 합니다,0.9180173675710592
7538,굳이 논리적일 필요는 없다,그러나 굳이 논리적일 필요는 없다,0.9179563662422939
8868,쌀값 폭등 원인 해명 해주세요?,최근 쌀값 폭등 원인 해명 해주세요?,0.9179485846994164
5300,어느분인지 말씀주시면 제가 개인슬리퍼라고 살짝 말씀드려보겠습니다!,어느분인지 말씀주시면 제가 개인슬리퍼라고 한다면 살짝 말씀드려보겠습니다!,0.9177520353593267
4057,작가는 가난을 먹고 살지 않습니다.,작가는 결코 가난을 먹고 살지 않습니다.,0.9177274341337949
4170,저도 들어가서 응원하도록 하겠습니다.,저도 들어가서 응원하도록 열심히 하겠습니다.,0.9175641215572203
2368,여론 조작 문화에 대한 개선,최근 여론 조작 문화에 대한 개선,0.9174727215291592
8086,70세 이상도 기초연금 주세요,70세 이상도 아닌 기초연금 주세요,0.9174196070723828
6492,오 저도 깜빡하고 있다가 주문열차 타러갑니다~~~~!!!!!,오 저도 깜빡하고 조금 있다가 주문열차 타러갑니다 ~ ~ ~ ~!!!!!,0.9173868445270354
2039,과잉되었으며 잘못 선택된 음악.,그러나 과잉되었으며 잘못 선택된 음악.,0.9173817993337154
7860,훌륭하지만 역시 평범하게 사는게제일,물론 훌륭하지만 역시 평범하게 사는게제일,0.9173696404993894
1128,남성 신상정보를 올리는 남혐범죄 제보 합니다.,남성 신상정보를 몰래 올리는 남혐범죄 제보 합니다.,0.9171915038253671
109,영화의 재미 보다 짚라인 타 보고 싶다.,영화의 재미 보다 짚라인 타를 보고 싶다.,0.9168781199915833
8886,"제가 드라마를 많이 보지는 않는 편인데, 이 드라마는 진짜 대박이네요.","제가 드라마를 많이 보지는 않는 편인데, 사실 이 드라마는 진짜 완전 대박이네요.",0.9168217866827165
2529,유튜브 가짜 뉴스를 관리해 주십시오,유튜브 가짜 뉴스 뉴스를 관리해 주십시오,0.9160690185967245
3094,"제품, 서비스 고도화에 대한 고민, 회사 문화/ 채용과 같은 회사 자체에 대한 Feedback 등 ‘추천’에 국한하지 않고 회사 전반에 대해서 이야기하였습니다.","제품, 서비스의 고도화에 대한 고민, 회사 문화, / 채용과 같은 회사 자체에 대한 Feedback 등 ‘ 추천 ’ 에 국한하지 않고 회사 전반에 대해서만 이야기하였습니다.",0.9158035218224553
1684,불합리한 공매도 개선 해주세요,제발 불합리한 공매도 개선 해주세요,0.915668506721152
4915,아마도 기사님께서 픽업하시는 시간은 4시 30분 이후가 좋을 것 같은데..,아마도 택시 기사님께서 픽업하시는 시간은 4시 30분 이후가 가장 좋을 것 같은데..,0.9153394973944478
3062,한국 스웨덴전 심판좀 어떻게 해주세요 ㅠㅠ,한국전 스웨덴전 심판좀 어떻게 해주세요 ㅠㅠ,0.9149692671007257
4077,너무 어거지 설정과 매끄럽지 못한 연출,너무 어거지 설정과 매끄럽지 못한 캐릭터 연출,0.9149634272634418
2316,제가 모르는 종목도 많이 알고 계셨습니다.,제가 모르는 종목 종목도 많이 알고 계셨습니다.,0.9148801194294818
8196,교정시설 내에서 있었던 인권침해에 대하여 청원합니다.,교정시설 내에서 일어나 있었던 인권침해에 대하여 청원합니다.,0.9144713275853299
7651,매년 빼앗기는 연차를 돌려받을 수 있게 해주세요.,매년 빼앗기는 연차 연차를 돌려받을 수 있게 해주세요.,0.9141195993659779
2237,대국민 인재 양성법을 제안합니다.,또한 대국민 인재 양성법을 제안합니다.,0.9140304044466561
7676,실제 군대는 좀 달랐지만 ㅋ,실제 우리 군대는 좀 달랐지만 ㅋ,0.9139085874650426
5497,학살수괴 전두환의 즉각적인 구속을 바랍니다!,학살수괴 전두환의 즉각 즉각적인 구속을 바랍니다!,0.9139067507383157
1671,"스터디 Menu/ 나누고 싶은 정보가 있다면, Others에 링크 추가해 두었습니다.","스터디 Menu / 나누고 싶은 정보가 있다면, 다음 Others에 추가 링크 추가해 두었습니다.",0.9137227423948664
3612,우리 회사를 선택한 이유로 캐글할 수 있는 회사! 그리고 우리 회사에서 다양한 데이터를 만져볼 수 있을 것 같다는 것이었다고 합니다.,우리가 회사를 선택한 이유로 캐글할 수 도 있는 회사! 그리고 우리 회사에서 다양한 양의 데이터를 만져볼 수 있을 것 같다는 것이었다고 합니다.,0.9136568150280691
2366,바쁘신분들을 위해 끌어온 요약 댓글,특히 바쁘신분들을 위해 끌어온 요약 댓글,0.9135298894330635
1447,이 컨버터를 사용해 연결한 후 DisplayLink 드라이버를 설치하면 외장 모니터를 사용할 수 있습니다.,이를 통해 컨버터를 사용해 연결한 후 DisplayLink 드라이버를 설치하면 외장 모니터를 사용할 수 있습니다.,0.9134830947679001
8250,축구 모임 작당 중 ㅋㅋ,요즘 축구 모임 작당 중 ㅋㅋ,0.9131914338254752
2201,회사 근처 사시는 분들 날 좋을 때 꼭 가세요,회사 근처 사시는 분들 날 좋을 때 꼭 놀러 가세요,0.9129784468813277
4851,부영 무주덕유산 리조트 부당한 대우,부영 무주덕유산 리조트 부당한 특혜 대우,0.912870929175277
2361,문특보 외교안보특보에서 사퇴하고 국민께 사죄하라,문특보 외교안보특보에서 사퇴하고 국민께 깊이 사죄하라,0.912870929175277
8444,저 이 채널에서 좋은 음악에 눈 여러번 뜨네요.,저 이 채널에서 좋은 음악 음악에 눈 여러번 뜨네요.,0.9126073910411013
6124,모든 사람이 감동적이다 해서 나에게도 감동적으로 느껴지는 건 아닌 듯.,모든 사람이 감동적이다 해서 나에게도 그렇게 감동적으로 느껴지는 그런 건 아닌 듯.,0.9123982081503086
2653,철도사업을 하되 B/C가 0.5이상만 나와도 무조건 경제성이 있게 해 주십시오.,철도사업을 하되 B2 / C가 아닌 0. 5이상만 나와도 무조건 경제성이 있게 해 주십시오.,0.9123730394875136
5837,하~~이런걸 라스라고 할수 있는지....,하 ~ ~ 이런걸 무슨 라스라고 할수 있는지....,0.9120584819216047
1273,여행한 나라마다 매력적인 것들 있었고 그 때 그 때 생각 나는 게 다르다고 합니다.,여행한 나라마다 매력적인 것들 있었고 그 어느 때 그 때는 생각 나는 게 다르다고 합니다.,0.9120521593527651
2721,꼭 여행 가는 걸로!,꼭 여행 가는 그런 걸로!,0.9117076476633725
129,이동식과속단속카메라 대신 과속단속cctv를 설치해 주세요.,이동식과속단속카메라 대신 과속단속cctv를 설치해 보여 주세요.,0.9116894463154966
5540,휴대전화를 이용한 선거운동을 금지해주세요,휴대전화를 이용한 선거운동을 전면 금지해주세요,0.9115208543565754
747,교도소 에어컨설치 적극 반대합니다.,또한 교도소 에어컨설치 적극 반대합니다.,0.9115208543565754
1096,엄마까투리의 품이 참 포근했어요.,그런데 엄마까투리의 품이 참 포근했어요.,0.9114983031394391
4809,이런 이벤트 전에 한번 브랜드디자인 팀에 에셋들을 미리 공유해주실 수 있을까요??,이런 이벤트 진행 시작 전에 한번 브랜드디자인 팀에 에셋들을 미리 공유해주실 수 있을까요??,0.9114709997593164
1724,오 뭔가 에너지가 느껴집니다 ㅎㅎ 환영합니다~!,오 뭔가 새로운 에너지가 느껴집니다 ㅎㅎ 환영합니다 ~!,0.9113386509046202
5548,학교폭력 및 청소년 범죄를 강하게 다스려주세요,학교폭력 가해자 및 청소년 범죄를 강하게 다스려주세요,0.9112114339185186
8809,무엇이든 작정하면 끝장을 보시는 듯 하던데 ..,무엇이든 작정하면 끝장을 보시는 듯도 하던데..,0.9112114339185184
6390,"평점보구 댓글보구 본 영환데, 참... 한마디로 보지마세요~","평점보구 댓글보구 본건 영환데, 참... 한마디로 보지마세요 ~",0.9112114339185184
8818,학생들은 조작된 사회만 따라간다.,학생들은 그저 조작된 사회만 따라간다.,0.9109085357720818
1260,희귀병을앓고있으면서 의료사고로 힘든 모녀입니다,희귀병을앓고있으면서 각종 의료사고로 힘든 모녀입니다,0.9109085357720818
1802,수시로 집 나가는 엄마 붙잡아 주세요,수시로 아빠 집 나가는 엄마 붙잡아 주세요,0.9104060494480682
6657,그리고 모두가 이렇게 시간을 되돌릴 수 있다면 살인도 마다하지 않을것이다,그리고 모두가 이렇게 시간을 빨리 되돌릴 수 있다면 엄청난 살인도 마다하지 않을것이다,0.9103988343339131
5884,기소중지자 공소시효 만료 제도 패기해주세요!,검찰 기소중지자 공소시효 만료 제도 패기해주세요!,0.9100546520194331
6363,다들 보게되신 경로가 비슷,다들 보게되신 경로가 거의 비슷,0.9098976485401452
4055,청와대는 고등학교들의 야간자율학습하지 않게 해주세요.,청와대는 고등학교들의 야간자율학습하지 않게 조치 해주세요.,0.9097381360575565
8901,음악만을 위한 공연장을 만들어주세요,음악만을 위한 멋진 공연장을 만들어주세요,0.9095010246479192
5878,곧 받으실 셔츠 모델핏 먼저 보셔요.,곧 받으실 셔츠 모델핏 먼저 받아 보셔요.,0.9094873448491269
1979,유명한 영화라 평을 남기기가 머시기하네요..,유명한 다큐멘터리 영화라 평을 남기기가 머시기하네요..,0.9091710977189177
8430,참여연대 정확히 뭐하는 조직인가요,도대체 참여연대 정확히 뭐하는 조직인가요,0.9087841941699716
3133,잎들이 꾸겨져서 나는게 너무 신기한 것 같아요.,나무 잎들이 꾸겨져서 나는게 너무 신기한 것 같아요.,0.9087441209270343
3156,살인자도 나름대로 정당성을 항변할 수 있다.,살인자도 나름대로 정당성을 내세워 항변할 수 있다.,0.9073553199150172
7100,전부 짜고 한다는걸 알고 안보거든,전부 짜고 봐야 한다는걸 알고 안보거든,0.9070497645073655
3590,더 이상 어떤 당 얘기를 들어주는 것을 못 참겠습니다.,더 이상 어떤 당 얘기를 들어주는 것을 못 참고 참겠습니다.,0.9068617104778265
3794,요청 받으시면 내용 공유 부탁드립니다!,확인 요청 받으시면 내용 공유 부탁드립니다!,0.906807586701889
8698,곧 저도 캠핑러가... 되겠습니다 ㅋㅋ,그럼 곧 저도 캠핑러가... 되겠습니다 ㅋㅋ,0.9067279925337947
3230,제가 말 안돌렸으면 계속 하셨을듯 합니다.,아마 제가 말 안돌렸으면 계속 하셨을듯 합니다.,0.906660737637041
7202,저도 갑자기 와이파이 중단 ㅠㅠ,저도 갑자기 와이파이 사용 중단 ㅠㅠ,0.9064843310216336
4614,"ㅠㅠㅋㅋㅋ 마지막 쯤에 _""절대 아니라구 옷 마구마구 사더니 그걸 아직도 입어요","ㅠㅠㅋㅋㅋ 마지막 쯤에 _ "" 절대 아니라구 옷을 마구마구 마구 사더니 그걸 아직도 입어요",0.9064569990408984
4942,제주도 중국인들 문제 신경 좀 쓰세요.,제주도 중국인들 안전 문제 신경 좀 쓰세요.,0.9064436937298654
5698,단체보험가입확인서 발급받을 수 있을까요?,혹시 단체보험가입확인서 발급받을 수 있을까요?,0.9062839737677928
7323,감독의 정신산태가 궁금하게 만들어지는 영화,최강희 감독의 정신산태가 궁금하게 만들어지는 영화,0.9055546694799584
7543,수질오염을 막을수있는 간단한 방법이 있습니다!!,수질오염을 막을수있는 간단한 예방 방법이 있습니다!!,0.9052873671241026
4584,이 느린 이야기가 세계 감독들이 뽑았던 영화 역사상 최고의 영화일 수 있는 것은 모두의 잃어버린 세계이기 때문,이 느린 이야기가 세계 감독들이 뽑았던 영화 역사상서 가장 최고의 영화일 할 수 있는 것은 모두의 잃어버린 세계이기 때문,0.9048737792085949
2783,체육인 및 연예인 군면제에 대해서...제안,체육인 및 유명 연예인 군면제에 대해서... 제안,0.9047158173340589
4171,일 하려고 내보내니 다시 안아달라고 우는...,일 하려고 내보내니 다시 안아달라고 엉엉 우는...,0.9045973234046361
4011,ㅋㅋ요즘 영화만 보다가 이걸보니 신선하네요,ㅋㅋ요즘은 영화만 보다가 이걸보니 신선하네요,0.9041567390440786
1888,오늘의 저녁은 흑돼지와 함께합니다 !,오늘의 아침 저녁은 흑돼지와 함께합니다!,0.9041567390440786
6918,점심시간이 채 끝나기전에 호다닥 올려봅니다.,점심시간이 지난 채 끝나기전에 호다닥 올려봅니다.,0.9041567390440786
1366,청소는 이제 자율주행 청소기가 합니다.,실내 청소는 이제 자율주행 청소기가 합니다.,0.904087678936788
7093,앜ㅋㅋ 선배님이라는 호칭이 뭔가 낯간지럽네요 ㅋㅋ,선배님이라는 제 호칭이 뭔가 낯간지럽네요 ㅋㅋ,0.9036657883205786
4822,ET+에일리언 그리고 어설픈 군인들,ET + 에일리언 그리고 어설픈 퇴역 군인들,0.9034106438502625
6768,웅진씽크빅의 유상증자를 수사해 주시기 바랍니다.,웅진씽크빅의 유상증자를 수사해 보아 주시기 바랍니다.,0.9030370524101707
2775,우리 모두 대박 나길 바라며!,우리 모두 대박 나길 간절히 바라며!,0.9029092904349519
8496,너무나 찾고 있었던 제품입니다,너무나 찾고 있었던 새로운 제품입니다,0.9025677544696823
9054,2년동안 취업을 못하고 있는 취준생입니다.,2년동안 취업을 하지 못하고 있는 취준생입니다.,0.9023944693396828
5255,국민연금 해약이 될 수 있게 해주세요.,제발 국민연금 해약이 될 수 있게 해주세요.,0.9022231525508397
3661,하지만 나치를 언급할만큼 거대한 디 비전은보이지않고 사람 여러명이서 소꿉놀이하는 것같았습니다.,. 하지만 나치를 언급할만큼 거대한 디 비전은보이지않고 사람들이 여러명이서 소꿉놀이하는 것같았습니다.,0.9020813175802678
2494,바쁘실텐데 완전 유익하게 잘 들었어요.,바쁘실텐데 완전 아주 유익하게 잘 들었어요.,0.9019888114667354
1485,근데 지구인들이 너무 나쁘게 나온다ㅠㅠ,근데 지구인들이 너무 기분 나쁘게 나온다ㅠㅠ,0.9018976813263377
511,"대결이 숨 막혀야하는데, 하품이 나와.","대결이 숨 막혀야하는데, 하품이 절로 나와.",0.901896926962915
4865,대통령 문재인의 사퇴를 청원한다.,대통령 문재인의 즉각 사퇴를 청원한다.,0.901896926962915
116,지금도 아침에 코칭 다니시고 가족들도 종종 함께 다니는 가족 운동이라고 하네요!,지금도 아침에 코칭 다니시고 가족들도 종종 함께 다니는 게 가족 운동이라고들 하네요!,0.9018624647328198
8662,% 연산자를 원없이 사용중입니다.,% 연산자를 원없이 계속 사용중입니다.,0.9018087729414173
8730,내용 전개가 너무 어정쩡함.,일단 내용 전개가 너무 어정쩡함.,0.9014812832225592
7813,다음번에는 롤도 같이 하기로 약속하며 짧았지만 즐거운 이야기 시간이였습니다!,다음번에는 롤도 같이 하기로 약속하며 짧았지만 즐거운 이야기의 시간이였습니다!,0.9014798590022858
8450,날짜 잡을때 너무 송구스러운 마음입니다 ㅠㅜ,날짜를 잡을때 너무 송구스러운 마음입니다 ㅠㅜ,0.9011314430069176
3856,그냥 마시자마자 물 가득 채워놔요 ㅋㅋ,그냥 마시자마자 뜨거운 물 가득 채워놔요 ㅋㅋ,0.8991587720434433
6435,내일 출근하는데 제가 갈때맞춰서 폭설이 흑..,내일 출근하는데 제가 갈때맞춰서 폭설이 와서 흑..,0.8989977033343735
1458,(사람도 제대로 못한다는 얘기),( 사람도 제대로 못한다는 식의 얘기 ),0.8989335480088443
4785,"육안 확인이 명백한 하자 차량을 출고, 판매하는 쌍용차(노조)를 고발한다.","육안 확인이 명백한데 하자 차량을 출고, 판매하는 쌍용차 ( 노조 ) 를 고발한다.",0.8989181196194538
7356,오 안 그래도 추천 받아서 지금 깔았습니다 ㅎㅎ,오 안 그래도 추천 받아서 지금 자리 깔았습니다 ㅎㅎ,0.8988890798112317
81,옛날 유럽의 어떤 전쟁 때 일단의 군대가 마을에 진주하게 되었습니다.,옛날 유럽의 어떤 도시 정복 전쟁 때 일단의 군대가 마을에 진주하게 되었습니다.,0.8983272665947858
2290,가장 싫었던 것은 멀쩡하게 가도 될 이야기를 쓸데없는 반전으로 망치는 것.,가장 싫었던 것은 멀쩡하게 가도 될 이야기를 일부러 쓸데없는 분위기 반전으로 망치는 것.,0.8980731600827105
6552,"3,000만원은 어떤 의미가 있는건가요?ㅋㅋ","3, 000만원은 과연 어떤 의미가 있는건가요? ㅋㅋ",0.8980562642135429
1407,대부분이 CV전문가를 모집하고 있네요.,대부분이 프리랜서 CV전문가를 모집하고 있네요.,0.8978619437338801
7395,이런것이 정규직 전환인가 싶습니다.,이런것이 과연 정규직 전환인가 싶습니다.,0.8978619437338801
2012,서프라이즈 보는 것 같았음,서프라이즈 보는 것도 같았음,0.8978355282401238
8489,크레이지 뷰티풀 영화를 보는내내 제목선정을 너무 잘했네 라는 생각이 든다. 크레이지 뷰티풀,크레이지 뷰티풀 영화를 보는내내 제목선정을 너무 잘했네 라는 생각이 절로 절로 든다. 크레이지 뷰티풀,0.8977158127390152
2162,아 재밌는데 작은누나 짜증나,아 재밌는데 갑자기 작은누나 짜증나,0.8975408099797269
4298,송전탑 직선거리 220m앞 공립유치원.초등학교.중학교 2천명 학생들...안전하다고 합니다.ㅠㅠ,송전탑 직선거리가 220m앞 공립유치원. 초등학교. 중학교 2천명 학생들... 안전하다고 합니다. ㅠㅠ,0.8974175335737868
5454,이거 웃으면 안되는데 아마 만우절 최고 장난이 아닐까 싶네요.,이거 웃으면 안되는데 아마 만우절 최고의 장난이 아닐까 싶네요.,0.8972987753115822
4118,게임 확률 데이터 공개,온라인 게임 확률 데이터 공개,0.8965817349918955
7009,"조만간 리뉴얼 될 홈페이지와 올스타전 블로깅 얘기를 들었는데, 16일을 기대하게 되었습니다 ㅎㅎ","조만간 리뉴얼이 될 홈페이지와 올스타전 블로깅 얘기를 들었는데, 16일을 기대하게 되었습니다. ㅎㅎ",0.896207006460888
5469,저희아가들이 출생신고할수있도록 제발 도움부탁드립니다,부디 저희아가들이 출생신고할수있도록 제발 도움부탁드립니다,0.8959456554790778
7295,인터넷에 좋은 정보들이 참 많지만 돌고 돌아서 책을 넘기는 마음이 너무 편안하내요.,인터넷에는 좋은 정보들이 참 많지만 돌고 돌아서 책을 넘기는 마음이 참 너무 편안하내요.,0.8957285547286301
6960,한국의 영구적인 평화 통일을 위해선 연방제 따위가 아니라 에이브러햄 링컨식의 자유민주주의체재 자유 통일이어야 한다.,한국의 영구적인 평화 통일을 위해선 연방제 따위가 다름 아니라 에이브러햄 링컨식의 자유민주주의체재 자유의 통일이어야 한다.,0.8949993694265677
5149,국민연금에게 임대사업 혜택을 주자,국민연금에게 주택 임대사업 혜택을 주자,0.894427190999916
6291,과로와 스트레스로 암에도 걸립니다.,극심한 과로와 스트레스로 암에도 걸립니다.,0.894427190999916
992,부실수사의 본체 거제경찰서장 직위해제,검찰 부실수사의 본체 거제경찰서장 직위해제,0.894427190999916
2955,"국민들의 몰락, 두고만 보실겁니까.","국민들의 몰락, 두고만 두고 보실겁니까.",0.894427190999916
5321,카우프만의 영화라면 설명이 필요없다,카우프만의 영화라면 아무런 설명이 필요없다,0.894427190999916
5519,경기도 오산이 AI교육 도시였군요!!,경기도 화성시 오산이 AI교육 도시였군요!!,0.894427190999916
1143,경제팀에 경제학자가 없다는게 말이 됩니까,경제팀에는 경제학자가 없다는게 말이 됩니까,0.894427190999916
1000,이재수 고인의 명복을 빕니다,이재수 고인의 안타까운 명복을 빕니다,0.894427190999916
6316,치킨 먹는 asmr 이 너무 컸나보네요ㅠㅠ,치킨 먹는 asmr 이는 너무 컸나보네요ㅠㅠ,0.89397671979129
421,지금은 도저히 만들지 못할 실제 물량과 인원을 동원한 역작,지금은 도저히 만들지 못할 실제의 물량과 인원을 동원한 역작,0.8938243615806627
7846,1년만에 이렇게 될수가 있나?,1년만에 이렇게 될수가 어디 있나?,0.89366230438341
5148,그 중에서도 중심을 잡고 저변을 넓히는 것이 좋다는 말씀 기억하겠습니다!!,그 중에서도 중심을 잘 잡고 저변을 넓히는 것이 좋다는 말씀을 기억하겠습니다!!,0.8932156975593918
2086,요즘 로우라이즈 재유행이라고 하니 1번 누르고 싶지만.. 단정하게 4번 누르고갑니다ㅎㅎ,요즘 로우라이즈 재유행이라고도 하니 1번 누르고 싶지만.. 단정하게. 4번 누르고갑니다ㅎㅎ,0.8930147253505155
6574,"국내의 학교 정기고사, 지필평가 시험 찬성 세력을 설득해 주십시오.","국내의 학교별 정기고사, 지필평가 시험 찬성 세력을 설득해 주십시오.",0.8929218036363149
5389,와. 이게 정말 되네요.,와. 이게 진짜 정말 되네요.,0.8928455447610573
3134,그걸 알기 전에.. 알로카시아를 무지 큰 화분에 대차게 분갈이 해준적이 있어요.,그걸 알기 전에... 알로카시아를 무지 큰 화분에서 대차게 분갈이 해준적이 있어요.,0.8928265694800099
6804,"단, 위치가 남쪽 끝이라는거;;","단, 위치가 거의 남쪽 끝이라는거 ; ;",0.8924363683173497
6466,논산 여교사 그루밍 성범죄의 A군의 친구 B군에 대한 진실을 요구합니다.,논산은 여교사 그루밍 성범죄의 A군의 친구 인 B군에 대한 진실을 요구합니다.,0.8923962346707522
1056,다주택자의 대출을 신속히 회수하라,다주택자의 고금리 대출을 신속히 회수하라,0.8919782216008947
9052,꽃향기를 맡으면 힘이 솓는 꼬마자동차..!!!,이 꽃향기를 맡으면 힘이 꼬마자동차..!!!,0.8919782216008947
7307,올해 안에 꼭 비행기 타러가요 ㅠ_ㅠ !!!!,올해 안에 꼭 비행기 타러가요? ㅠ _ ㅠ!!!!,0.8919782216008947
1252,"일정 이용자 이상 사용 토론 싸이트에서 본인인증을 하고, 이름을 1자리 빼고 공개하게 해주세요.","일정 이용자 이상은 사용 토론 싸이트에서 본인인증을 하고, 사용자 이름을 1자리 빼고 공개하게 해주세요.",0.8907970543832628
1662,이거 좀 본까지 입을수 있는 얇은 버전으로 100개 더 고고.,이거는 좀 본까지 다 입을수 있는 얇은 버전으로 100개 더 고고.,0.8906484942259518
4441,오 ㅎㅎ 전 좋아요!!!,오 ㅎㅎ 전 너무 좋아요!!!,0.8904802931099789
5723,태극기를 바르게 해설하여 주세요.,먼저 태극기를 바르게 해설하여 주세요.,0.8898424934865197
8723,"특히 유럽에서 좋은 기억을 갖고 계시다고 하셨는데, 이야기를 들으면서 저도 교환학생 때 여행한 유럽 생각이 많이 났습니다","특히나 유럽에서 좋은 기억을 갖고 계시다고 하셨는데, 그 이야기를 들으면서 저도 교환학생일 때 여행한 유럽 생각이 많이 났습니다",0.8897188893593998
5279,다시 신나게 달리기에 좋은 프렌즈 테마송 1920년대부터의 시대별 편곡 보내드려요,다시 신나게 달리기에 딱 좋은 프렌즈 테마송 1920년대부터의 시대별 편곡으로 보내드려요,0.8896238049676315
4625,처음부터 나오는 성형언니들 드립부터 너무 황당ㅋ,처음부터 나오는 성형언니들 드립부터 너무도 황당ㅋ,0.8894716527990033
2336,"참고할 부분 참고하여, 좋은 분들 모인 곳에서 다같이 멋진 문화 만들어 가보고 싶네요.","참고할 부분 참고하여, 좋은 예술가 분들 모인 곳에서 다같이 멋진 문화를 만들어 가보고 싶네요.",0.8894535831808476
6527,밥먹을수 있으니 적극협조 하겠습니다.,그래야 밥먹을수 있으니 적극협조 하겠습니다.,0.8894125151412591
7212,지난주꺼를 몇분동안 다시보여주고 다이빙한번하면 기본번씩 다시보여주고 또보여주고...,지난주꺼를 몇분동안 다시보여주고 다이빙한번하면서 기본번씩 다시보여주고 또보여주고...,0.8888888888888888
6611,많이 늦어지시면 미팅을 약 5-10분 정도 늦추는 것도 방법일 수 있을 것 같습니다!,많이 늦어지시면 미팅을 약 5 - 10분 정도로 늦추는 이런 것도 방법일 수 있을 것 같습니다!,0.8884002174734646
6519,ㅋㅋ 이런 놀라운 서비스가 있다,ㅋㅋ 이런 저런 놀라운 서비스가 있다,0.888365661869732
4871,학교의 재정감사를 강화하여 주십시요!,각급 학교의 재정감사를 강화하여 주십시요!,0.8878717287226571
7559,이 채널에 미리 들어오신 분들 헷갈리실 수 있을 것 같은데요!,이 채널에 미리 연락 들어오신 분들 헷갈리실 수 있을 것도 같은데요!,0.8870883829470658
937,쭉 한결같다는 건 참 어렵다,이렇게 쭉 한결같다는 건 참 어렵다,0.8870851132977225
5686,루이즈 보르고앙은 숨막히게 아름다웠지만 영화는 그녀를 빛좋은 개살구로 만들었다.,루이즈 보르고앙은 숨막히게 아름다웠지만 영화는 그녀를 빛좋은 개살구로서 만들었다.,0.8866303616436726
5132,한 여배우를 죽음으로몰아간 정신나간 감독...,한 여배우를 죽음으로몰아간 정신나간 최강희 감독...,0.8862250283852211
1667,두 사람이 연기 호흡이 괜찮았다,두 배우 사람이 연기 호흡이 괜찮았다,0.8862250283852211
5520,전국 땅굴탐사개시 및 탐사현황공개,전국 땅굴탐사개시 및 각종 탐사현황공개,0.8861126614420118
2933,수능 난이도를 낮춰주시길 바랍니다..,수능 난이도를 대폭 낮춰주시길 바랍니다..,0.8855371788221607
2520,야성장애인어울림센터 사업 확대 를 바랍니다.,야성장애인어울림센터 사업 확대 검토 를 바랍니다.,0.8855371788221605
7145,전자서명 이외에 필요할 때 대박!,전자서명 이외에 필요할 만한 때 대박!,0.8855371788221605
7292,주문한 음식이 나오자 마자 연신 사진을 찍으며 서로 인스타 맞팔 까지 놓치지 않았습니다,주문한 음식이 나오자 하자 마자 연신 사진을 찍으며 서로 인스타그램 맞팔 까지 놓치지 않았습니다,0.8854994505681091
1089,달달달 조금 오래 볶으면 단맛이 더욱 올라옵니다 ㅎㅎㅎ,달달달 조금만 오래 볶으면 단맛이 더욱 올라옵니다 ㅎㅎㅎ,0.8854262079829207
4318,개헌안 발의에 대해 청원합니다.,대통령 개헌안 발의에 대해 청원합니다.,0.8851639108986438
6937,평일 낮에 이야기 나눠서 즐거웠습니다,평일과 낮에 이야기 나눠서 즐거웠습니다,0.884940833919519
1943,"넵, 보안을 위해 EXPORT는 막아두었습니다~!","넵, 보안을 풀기 위해 EXPORT는 막아두었습니다 ~!",0.884940833919519
337,"여성 소방관 체력 시험 기준 상향은 불공평합니다, 그럼 남녀 구분 말고 뽑아주십시오.","그러나 여성 소방관 체력 시험 기준 상향은 불공평합니다, 그럼 남녀의 구분 말고 뽑아주십시오.",0.8847966449081995
4343,미군 주둔 비용 협상과 북한 비핵화 제재 엇박자,미군 주둔 비용 협상과 북한의 비핵화 제재 엇박자,0.8833962002219256
4854,열정축구 그만하라 왜냐하면 지금 선수들 연골이 부서지고 있기 때문입니다.,열정축구는 그만하라 왜냐하면 지금 선수들 연골이 부서지고 있기 때문입니다.,0.8827372959977475
1642,수능연기를 하되 수능고사장으로 지정된 학교는 일주일 휴교령을 내려주시기 바랍니다.,수능연기를 하되 수능고사장으로 지정된 학교는 일주일 휴교령을 내려주시기를 바랍니다.,0.882716890498626
2837,사기 한번 치면 될 것을ㅋㅋ,사기 한번 치면 될 거란 것을ㅋㅋ,0.8812073463177741
5035,시력 빵빵은 덤! ㅋㅋ,시력 빵빵은 역시 덤! ㅋㅋ,0.8810864947740931
493,어머니 병원을 갔다 왔더니 국민건강보험공단에서 잘못했으니 58만원 벌금내라고 합니다.,어머니 병원을 갔다 왔더니 국민건강보험공단에서 잘못했으니 58만원을 벌금내라고 합니다.,0.8810353167261837
4576,"평창 올림픽 오뎅호떡 가격 논란,호떡 2개 5000원","평창 올림픽 오뎅호떡 가격 논란, 호떡 2개에 5000원",0.8809126026862343
3682,전 Intro보고 비즈 관련 세션들어가는데 저희가 가려는 방향하고 매우 유사하네요.,전 Intro보고 비즈 관련 세션들어가는데 저희가 가려는 방향하고는 좀 매우 유사하네요.,0.8808600158199995
8722,정말 이기적인 주인공 헥터,정말 이기적인 남자 주인공 헥터,0.8799798424527201
5493,ㅋㅋㅋ 네 고기류라면 저도 좀 알아볼께요!,ㅋㅋㅋ 네 고기류라면 저도 좀더 알아볼께요!,0.8799410195934046
2845,오스틴파워가 차를 돌리기 위해 앞뒤로 왔다갔다 하는데서 완전 쩔었음,오스틴파워가 차를 돌리기 위해 앞뒤로 왔다갔다를 하는데서 완전 쩔었음,0.8795138929032419
4585,여객기를 국내 제작하여 조선소의 인력을 흡수하고 고용 창출 해주세요,여객기를 국내 제작하여 조선소의 인력을 흡수하고 고용 창출을 해주세요,0.8793345344694055
8388,아직 오픈전이라 지도에 있는 사진은 이전 디저트 가게일때의 리뷰와 사진이 많네용,아직은 오픈전이라 지도에 있는 사진은 대부분 이전 디저트 가게일때의 리뷰와 사진이 많네용,0.8789553783377636
1334,위조여건 사무실에 배달된거 진짜 아님ㅋㅋ,위조여건이 사무실에 배달된거 진짜 아님ㅋㅋ,0.8786211721293143
7041,"어제 했는데 이제야 올리네요,","어제 올려야 했는데 이제야 올리네요,",0.8785696462023566
7481,"아래 악평은 방영전 알바가 뜬 거 같음, 이작품 제대로임.","아래의 악평은 방영전 알바가 뜬 거 같음, 이작품 제대로임.",0.8785328617069912
7240,"제가 고민하고 있던 기업의 고유 비즈니스에 AI 솔루션을 접목할 때, 가장 중요한 ‘가려운 부분’ 긁어주기 스킬에 대해 팁을 나누어 주셨습니다! ㅎㅎ","또한 제가 고민하고 있던 기업의 고유 비즈니스에 AI와 솔루션을 접목할 때, 가장 중요한 ‘ 가려운 부분을 ’ 긁어주기 스킬에 대해 팁을 나누어 주셨습니다! ㅎㅎ",0.8779942860309834
4382,뭐 어디서 놀라고 무서워해야하는거냐?,뭐 어디서 놀라고 나서 무서워해야하는거냐?,0.8778495775487936
3279,얼마전에 저희집 첫째 새끼 때랑 너무 닮은 피규어를 발견해서 모셔온거 자랑,얼마전에 저희집 첫째 새끼 때랑 너무 닮은데 피규어를 발견해서 직접 모셔온거 자랑,0.8778082176756156
8655,나중에 잠실 가게되면 저도 클라이밍 팟에 조인 해보는 것으로...?!,나중에 잠실 가게되면 저도 클라이밍 팟에서 조인 해보는 것으로...?!,0.8772464182849044
6155,구글에서는 최대 20일 이내의 계정만 복원할 수 있도록 안내되고 있습니다.,구글에서는 최대 20일 이내의 계정만 복원할 할 수 있도록 안내되고는 있습니다.,0.8769837550179684
5155,설문 응답 못하신 분들은 오늘 중에 소중한 한표 부탁드리겠습니다!,설문에 응답 못하신 분들은 오늘 중에 소중한 한표 부탁드리겠습니다!,0.8761752811205559
642,이명박 전대통령 사법적 책임 물어 신속히 구속 시겨주십시오.,이명박 전대통령 사법적 책임 물어 신속히 구속을 시겨주십시오.,0.8758988208173588
7742,저 이거 나오자마자 들었는데...,저 이거 방송 나오자마자 들었는데...,0.8758805334271296
3617,마트 치킨 재 발매 해주세요.,마트 치킨 재방송 발매 해주세요.,0.8756466554848231
2953,ㅋㅋ서로 냉장고 이야기를 너무 열심히 한 것 같아요 ㅋㅋ,ㅋㅋ서로 냉장고 이야기를 너무도 열심히 한 것 같아요 ㅋㅋ,0.8751724505648419
6156,특히 연필이 어쩌구 할때,특히나 연필이 어쩌구 할때,0.8741482763050511
5406,교사 성과급 등급별 지급 폐지 및 일괄지급 또는 일괄수당으로의 전환 요청,교사 성과급 등급별 지급 폐지 및 일괄지급 폐지 또는 일괄수당으로의 전환을 요청,0.8739952188460217
4798,MBC 야구중계 캐스터는 한명재 정병문 정용검 캐스터가 해야합니다. 원상태로 돌려주세요.,MBC의 야구중계 캐스터는 한명재 정병문 정용검 캐스터가 해야합니다. 그럼 원상태로 돌려주세요.,0.873973410691147
3480,요약하신 내용도 잘 볼게요 ㅎㅎ,요약하신 대로 내용도 잘 볼게요 ㅎㅎ,0.8737232237824618
4404,말씀 나누다보니 작년 9월에 들어오셨던데 체감하는 바는 최소 2년은 함께 하신듯한 느낌입니다!,말씀 나누다보니깐 작년 9월에 들어오셨던데 체감하는 느낀 바는 최소 2년은 함께 하신듯한 느낌입니다!,0.8735216439799158
3724,UI 메뉴에 뭔가 페이지 생성 메뉴가 있을줄 알았는데 안보여서 말씀 드렸어요.,그래서 UI 메뉴에 뭔가 페이지 생성된 메뉴가 있을줄 알았는데 안보여서 말씀 드렸어요.,0.8732428288488733
2912,"눈온뒤 3~4일 이내에 도로 통제 풀렸을 때 정도 잘 맞추면 가능한데, 육지에서 오면 조건 맞춰서 타이밍 잡기가 쉽지는 않을 것 같기도 하네요..ㅎㅎ","눈온뒤 3 ~ 4일 이내에 도로 통제 풀렸을 때 어느 정도 잘 맞추면 가능한데, 육지에서 오면 조건 맞춰서 타이밍을 잡기가 쉽지는는 않을 것 같기도 하네요.. ㅎㅎ",0.8731539718309747
7422,지인들하고 이야기 중 맥북 온도 어쩌구저쩌구...하길래 궁금해서 저도 설치해봤습니다.,지인들하고 이야기 중 맥북의 온도 어쩌구저쩌구... 하길래 궁금해서 저도 설치해봤습니다.,0.8728428190830403
3601,이번에도 콜라보레이터로 초대드릴 분들 깃허브 아이디 확인 부탁드리겠습니다.,이번에도 콜라보레이터로 초대드릴 분들 깃허브 아이디 확인을 부탁드리겠습니다.,0.8725721779717709
7177,분노만 해대던 데렉 그리고 그걸 보고 자란 대니 되돌리려 했으나 떄는 늦었다.,분노만 잔뜩 해대던 데렉 그리고 그걸 보고 자란 대니를 되돌리려 했으나 떄는 늦었다.,0.8723237140408336
2516,엘사라고 하시니 겨울왕국이 떠오르네요 ㅋㅋ,엘사라고도 하시니 겨울왕국이 떠오르네요 ㅋㅋ,0.8722327832639536
107,경추 요추 척추 압박골절시 시술 대기 기간 없애주세요,경추 요추 척추의 압박골절시 시술 대기 기간 없애주세요,0.8721342700850465
7515,“꿈있고 열정이 있는 회사“!,“ 꿈있고 열정이 살아 있는 회사 “!,0.8712809095227416
7878,저희 외부 행사가 있을떄 꼭 공식 로고를 사용했으면 좋겠어요!,저희 외부에 행사가 있을떄 꼭 공식 로고를 사용했으면 좋겠어요!,0.8705338584929501
3451,국민연금 폐지 또는 개편요구(청원 한곳으로 모읍시다),국민연금의 폐지 또는 개편요구 ( 청원 한곳으로 모읍시다 ),0.869764448213767
3799,정신적 심신 미약이다' 라는 말로 처벌이 줄어들면 안됩니다.,정신적 심신의 미약이다'라는 말로 처벌이 줄어들면 안됩니다.,0.86810574452345
6606,주제ㅡ안양 호계2동 호계온천지구 재개발의 황당무계한 제도와 체계의 폐단을 근절시켜 주시기 바랍나다.,주제ㅡ안양 호계2동과 호계온천지구 재개발의 황당무계한 제도와 체계의 폐단을 근절시켜 살펴 주시기 바랍나다.,0.8679434589283851
4929,"입고되면 순차 배송되는데 3월 둘째 주, 늦으면 셋째 주에 받으시게 된다고 합니다","입고되면 순차 배송되는데 3월에 둘째 주, 늦으면 셋째 주에 배송 받으시게 된다고 합니다",0.8678417221977648
5933,이게 다 박근혜 때문이다,이게 전부 다 박근혜 때문이다,0.8678343589962736
5452,내 세상은 상류사회가 아니니까,어차피 내 세상은 상류사회가 아니니까,0.8660254037844386
1016,백스 매칭이 안잡힌다고 하십니다,백스는 매칭이 안잡힌다고 하십니다,0.8660254037844386
8318,정책연구비 횡령 및 부정사용,정부 정책연구비 횡령 및 부정사용,0.8660254037844386
738,문 옆 박스들 위에 올려놓았어요.,문을 옆 박스들 위에 올려놓았어요.,0.8660254037844386
5093,여러가지 의견도 묻고 많이 배울 수 있었습니다~!!!,여러가지 의견도 묻고 많이들 배울 수 있었습니다 ~!!!,0.8654864883648011
5883,"레트로 느낌으로 한글버전을 담고 싶었으나, 어딘가 모르게 상스러운 디자인으로 탈락..","레트로 느낌으로 한글버전을 담고는 싶었으나, 어딘가 모르게 상스러운 한글 디자인으로 탈락..",0.8638021305377239
1567,이거 사용기간 3월 12일까진데 혹시 아직 안바꾸신분 계실까봐,이거 사용기간 3월부터 12일까진데 혹시 아직 안바꾸신분 계실까봐,0.8623896728695007
5531,요즘 클라이밍을 열심히 하신다는 얘기에.. 저도 한번 체험해보고 겨울 취미로 낙찰해보기로..!,요즘 클라이밍을 열심히 하신다는 얘기에.. 저도 한번 체험해보고 이번 겨울에 취미로 낙찰해보기로..!,0.8623436136253649
5695,이나라 사법권이 언제부터 이렇게 발바닥 까지 미끄러 졌나요.,이나라 사법권이 언제부터 이렇게 발바닥 까지 미끄러워 졌나요.,0.8621683586945731
265,ㅋㅋ 보통 남자분들은 레깅스 + 반바지 조합 하시더라구용 ㅋㅋ,ㅋㅋ 보통 남자분들은 레깅스 + 반바지로 조합 하시더라구용 ㅋㅋ,0.8621162744573894
20,앞머리 새로 하셨습니다. ^^,앞머리 새로 발견 하셨습니다. ^ ^,0.8620479722145022
6504,판문점회담 기록할 시를 제안합니다,판문점회담을 기록할 시를 제안합니다,0.8620479722145022
466,애들은 용에 환장할 듯,애들은 사냥 용에 환장할 듯,0.8620479722145021
9081,"처음 뵈었기에 각자 소개부터 하는 일들, 그리고 운동에 대한 얘기, 어떻게 살고 있는지에 대해 편히 얘기하는 시간이었습니다.","처음 뵈었기에 각자 소개부터 하는 어떤 일들, 그리고 어떤 운동에 대한 어떤 얘기, 어떻게 살고 있는지에 대해 편히 얘기하는 시간이었습니다.",0.8617992582029643
1531,"이번주 PC팀의 제주도 워크샵 잘 다녀오시길 바라며, 다음에 꼭 또 뵙고 이야기나누어요!!","이번주에 PC팀의 제주도 워크샵 잘 다녀오시길 바라며, 다음에 꼭 또 다시 뵙고 이야기나누어요!!",0.8617903517329467
425,이름만 보고 당연히 여자라고 생각했는데 남성분이셨군요!!ㅎㅎ,이름만 보고는 당연히 여자라고 생각했는데 남성분이셨군요!! ㅎㅎ,0.8617139393861705
3255,골프장이 체육시설의 설치이용에 관한 법률 제21조를 준수하게 해주세요,골프장이 체육시설의 설치이용에 관한 법률 제21조를 준수하게끔 해주세요,0.8614019593549351
5223,차가 협소한 관계로.. 같이 가실 분 세 분 더 모아요!!!!,아무래도 차가 협소한 편인 관계로.. 같이 가실 분 세 분 더 모아요!!!!,0.8609171564723457
2839,또 할 수 있는지 시험합니다.,또 어떻게 할 수 있는지 시험합니다.,0.8607202176592417
1292,사기캐만 모아둔 것 같은 신인 여돌,사기캐만 모아둔 것 같은데 신인 여돌,0.8606240016281209
5901,저도 고민했고 또 같은 질문도 여러 번 받은지라 꽤 공감하면서 읽었네요 ㅎㅎ,저도 고민했고 또 같은 질문도 여러 번 번 받은지라서 꽤 공감하면서 읽었네요 ㅎㅎ,0.860328379993166
6754,즤집 고양이도 경청 중입니다.,이 고양이도 경청 중입니다.,0.8592253005337918
1156,진짜 잘 만든 시트콤.,진짜 제일 잘 만든 시트콤.,0.8591406738007696
6335,푸른 잔디가 펼쳐진 GMF에서 안테나뮤직 세션 어딘가에 누워있는 기분을 만끽했습니다~,푸른 잔디가 끝없이 펼쳐진 GMF에서 안테나뮤직의 세션 어딘가에 누워있는 기분을 만끽했습니다 ~,0.8581163303210333
4857,요게 싸게 사면 2만원에 살 수 있다는 정보를 입수했습니다 ㅎㅎ,요게 싸게 사면 약 2만원에서 살 수 있다는 정보를 입수했습니다 ㅎㅎ,0.8580978271322177
1675,앗 그리고 쿠팡 기사님도 잔뜩 뭔가 놓고 가셔서 옮겨둘게요,앗 그리고 쿠팡의 기사님도 잔뜩 뭔가 놓고 가셔서 옮겨둘게요,0.8575715973415068
7169,추가로 이야기 나왔던 개발자의 유머 공유 합니다 ㅋㅋㅋ,추가로 이야기 나왔던 개발자의 유머 공유를 합니다 ㅋㅋㅋ,0.8574429642042716
3630,경찰은 수배자 건설노조 장옥기를 당장 체포 하십시오!!,경찰은 수배자 건설노조 장옥기를 당장 체포를 하십시오!!,0.8571428571428575
2351,제가 있는 회의실의 jabra 마이크/스피커 들고 가신분??,제가 있는 회의실의 jabra 마이크 / 스피커를 들고 가신분??,0.855896300850993
391,"일요일, 공휴일에는 사무실 에어컨 가동 안된다고 하네요.","일요일, 공휴일에는 사무실에 에어컨 가동 안된다고 하네요.",0.855823749342197
3678,제발 재난재해 장소에 정치인들 얼굴 내밀지 말았으면 합니다.,제발 재난재해 장소에 정치인들 얼굴 내밀지는 말았으면 합니다.,0.8557463367128848
732,장병 휴대전화 사용에 대해서,장병들의 휴대전화 사용에 대해서,0.8552622393981346
6194,전투씬은 용의눈물만 못하고 특수효과 안습 우리스스로 역사왜곡,전투씬은 용의눈물만 못하고 특수효과 안습한 우리스스로 역사왜곡,0.8549246530065912
5653,오~ 이거 정말 진리!!,우와 오 ~ 이거 정말 진리!!,0.8539690471238186
6901,서울교통공사 사례 공기업 전수조사 시행해서 적폐청산 바랍니다,서울교통공사 사례 공기업 전수조사 시행해서 적폐청산을 바랍니다,0.8538056143194749
3142,"공무원이 국가 세금 맘대로 사용하고 ,감옥 몇년 가면 없던일이 되는 현실을 공금을 다시 재산 몰수 하는데 서명 해주세요","공무원이 국가 세금 맘대로 사용하고, 감옥 몇년 가면 없던일이 되는 현실을 공금을 다시 국민 재산으로 몰수 하는데 서명을 해주세요",0.8535905379768601
2213,년대에 투구하는 공이 클로즈업이 되는 당시 중계기술..,년대에는 투구하는 공이 클로즈업이 되는 당시 중계기술..,0.8533875639326904
6077,"엇 절이라그래서 막 한옥집,기와 이런거 생각했는데 무척 현대적이네요ㅎㅎㅎ","엇 절이라그래서 막 한옥집, 기와집 이런거 생각했는데 무척 현대적이네요ㅎㅎㅎ",0.8533875639326904
3835,더불어민주당은 남북경협이 황금알을 낳는 거위라는것을 알고 게시나요?,더불어민주당은 남북경협이란 황금알을 낳는 거위라는것을 알고 게시나요?,0.8533875639326903
292,책상크기 고려하면 아이맥스 환경으로 업무를 하시겠군요 ㅎㄷㄷ,책상크기 고려하면 아이맥스 환경으로서 업무를 하시겠군요 ㅎㄷㄷ,0.8526364763629255
4316,세상에 큰일 날 뻔 했네요!!,세상에 큰일 날 뻔도 했네요!!,0.8516929737714365
4935,그래도 안 죽고 기특하네요,그래도 안 죽고 나니 기특하네요,0.8513379031211497
5710,운전면허를 2~5년 갱신이 필요한 자격면허로 해주시기를 청원드립니다,운전면허를 2 ~ 5년간 갱신이 필요한 자격면허로 해주시기를 청원드립니다,0.8498435224479034
4757,저를 20년전 굴욕했던 선생님이 교감 선생님 입니다,저를 20년전에 굴욕했던 선생님이 교감 선생님 입니다,0.8498435224479034
7297,2박3일간 저희의 추억을 살펴보실 수 있도록 아래 폴더에 모두 담아놓았습니다.,2박3일간 저희의 추억을 살펴보실 알아볼 수 있도록 아래의 폴더에 모두 담아놓았습니다.,0.8490508271056099
240,2018년 군인 월급 인상 1월부터 적용 안된다고 하는데 그렇게 될 경우 2월에 소급하여 지급해주세요.,2018년 군인 월급 인상 1월부터 적용 안된다고들 하는데 그렇게 될 경우는 2월에 소급하여 지급해주세요.,0.8489379103608796
7472,각 정당 및 의원들 관련 문자메세지 못보내게 해주세요,각 정당 및 의원들 관련한 문자메세지 못보내게 해주세요,0.8489321293681575
2170,한정판 같은 거라 보심,한정판매 같은 거라 보심,0.84859072746945
6106,"크크 저도 그 생각해봤는데, 어떤 팩 넣어드릴 수 있을까요 ㅎㅎ","크크 저도 살짝 그 생각해봤는데, 어떤 팩을 넣어드릴 수 있을까요 ㅎㅎ",0.8485579376637361
4804,브래들리 쿠퍼 때문에 보는 분들ㅋㅋ 보지 마세요ㅋㅋ,브래들리 쿠퍼 때문에 보는 분들ㅋㅋ 보지는 마세요ㅋㅋ,0.8483414738594353
8558,이제야 보라색 스웻셔츠를 빨 수 있다.,이제야 보라색 다 빨 수 있다.,0.8476287908439841
2915,아래 notion 에 사용 신청 가이드 문서를 작성했습니다.,아래 notion 에 사용 신청 가이드가 문서를 작성했습니다.,0.8469426545696671
2206,편집됬다는게 흑.. 빂츠갔더니 편집된게 있는!! 뙇!!,편집됬다는게 흑.. 편집된게 있는!!! 뙇!!,0.8447920296127297
6038,재밌을거 같은데 땀나는거 생각하면 하기 싫어질 듯한..,재밌을거 같은데 땀나는거를 생각하면 하기 싫어질 듯한..,0.8446650421367456
6753,열심히 잘 참여하고 있습니다 ㅎㅎ,열심히 잘해서 참여하고 있습니다 ㅎㅎ,0.8444673378307868
5098,"국민 70프로 이상 절대다수의 지지를 받은 촛불집회 시, 군 출동 등 검토한 관련자 조속히 '수사'해 의법조치해 주세요.","국민 70프로 이상 절대다수의 지지를 받은 촛불집회 시, 군 출동 등 검토한 후 관련자를 조속히'수사'해 의법조치해주 주세요.",0.8443645960147069
3240,소음 때문에 잠조차 잘 수가 없었다. ㅤㅅㅞㅅ!!,소음 때문에 잠조차 제대로 잘 수가 없었다.!!,0.8438911418410375
1616,의혹 투성이 대연비치 재건축 과정 수사 청원합니다!,의혹만 투성이 대연비치 재건축 과정 수사 청원합니다!,0.8435908480396797
2701,저 가고 싶긴 한데 여러분들 산소부족이 염려됩니다,저 가고는 싶긴 한데 여러분들 산소부족이 염려됩니다,0.8432332347568365
8020,"일을 잘 하기 위해서는, 내 주변의 안정화 또한 중요하다는 생각을 다시금 할 수 있었어요.","일을 잘 하기 위해서는, 내 주변의 생활 안정화가 또한 중요하다는 생각을 다시금 할 수 있었어요.",0.8426293956831049
2294,다 먹고 나서 사진 찍는 걸 생각해내서 사진이 좀…,다 먹고 나서 사진을 찍는 걸 생각해내서 사진이 좀 …,0.8416247063412329
121,아이가 게임에 빠지지 않게 하라는 방법이라고 합니다.,아이가 게임에 빠지지는 않게 하라는 방법이라고 합니다.,0.8412402546894384
7877,너무 많이 웃고 즐거운 시간 보낼 수 있어 오늘 벙개 매우 성공적이었습니다 ㅎ,너무도 많이 웃고 즐거운 시간을 보낼 수 있어 오늘 벙개 매우 성공적이었습니다 ㅎ,0.8405681731701571
1855,슈프림 브랜드 짝퉁이 국내로 들어오지 못하게 해주세요,슈프림 브랜드 짝퉁이 국내로는 들어오지 못하게 해주세요,0.8391017815319868
3210,전체적인 그림을 파악해야 해당 룰이 왜 생겨났는지 파악하고 관리할 수 있다.,전체적인 그림을 정확히 파악해야만 해당 룰이 왜 생겨났는지 파악하고 관리할 수 있다.,0.8383764665848938
2468,이명박 죄가 확정되면 구속은 물론 예우박탈 청원합니다.,이명박 죄가 확정되면 구속은 물론 예우박탈을 청원합니다.,0.8375203079804968
928,그리고 더 발전할텐데 서울대 교수팀이 창업한 회사인데 기술과 방향 좋은듯요.,그리고 더 발전할텐데 서울대학교 교수팀이 창업한 회사인데 기술과 미래 방향 좋은듯요.,0.8363101545273666
7143,마음 같아선 많은 분들과 놀고 싶지만…,마음 같아선 많은 분들과 놀고는 싶지만 …,0.8360217057047983
3381,(주)아주의대벤처메딕스 ASF닥터에스리 화장품 업체 갑질 고발합니다,( 주 ) 아주의대벤처메딕스 ASF닥터에스리 화장품 업체에 갑질 고발합니다,0.8359205089002539
2897,양봉 하시는 분 때문에 이제 정신적 고통까지 받고있습니다.,양봉을 하시는 분 때문에 이제 정신적 고통까지 받고있습니다.,0.8352884963099538
3122,무술 꼭 배워보고 싶었는데 시간이 안맞아서 너무 아쉬웠습니다.,무술 꼭 배워보고는 싶었는데 시간이 안맞아서 너무 아쉬웠습니다.,0.8342695594072734
3668,정말재밌더라 시온주의의유태인들이 겨우나라얻었는데 상식적으로생각해보면 팔레스타인인들강납정책하는건 어쩔수없다,정말재밌더라 시온주의의유태인들이야 겨우나라얻었는데 상식적으로생각해보면 팔레스타인인들강납정책하는건 어쩔수없다,0.8333333333333336
704,전자제품의 소음기준을 KS/KC인증에 반영 시켜주세요.,전자제품의 소음기준을 KS / KC인증에 반영을 시켜주세요.,0.8333333333333336
